iter,sampled_steps,episodes,reward_mean,ep_len_mean,win_rate,loss_rate,timeout_rate,crash_rate,ep_wez_steps,ep_mean_distance,ep_min_distance,ep_reward_pursuit,ep_reward_damage,ep_reward_safety,ep_reward_energy_throttle,ep_reward_survival,ep_reward_merge_cross,ep_reward_merge_handoff,ep_reward_merge_handoff_once,ep_reward_merge_turnin,ep_reward_reacquire_turnin,ep_reward_merge_stalemate,ep_reward_attack_band,ep_reward_front_hold,ep_reward_aim_hold,ep_reward_angle_advantage,ep_reward_angle_advantage_progress,ep_reward_cutin_success,ep_reward_cutin_control,ep_reward_terminal_angle_gain,ep_reward_terminal_ata_gain,ep_reward_range_progress,ep_reward_lost,ep_altitude_penalty_steps,initial_scenario_index,initial_alpha_deg,initial_ata_deg,initial_aa_deg,initial_distance_m,final_ata_deg,final_aa_deg,headon_guard_fail,cutin_handback_success,bt_preroll_detected,action_roll_mean,action_pitch_mean,action_rudder_mean,action_throttle_mean,action_roll_std,action_pitch_std,action_rudder_std,action_throttle_std,action_sat_rate,policy_loss,vf_loss,entropy,kl,clip_frac,explained_var,actor_loss,critic_loss,alpha_loss,alpha,target_entropy,curriculum_actor_frozen,curriculum_fresh_steps,curriculum_actor_update_applied,curriculum_learner_updates,curriculum_actor_anchor_mse,curriculum_actor_anchor_loss,curriculum_gunline_fraction,curriculum_actor_anchor_fraction,curriculum_residual_gate_fraction,curriculum_residual_mean_abs_delta,curriculum_counter_rate_fraction,curriculum_counter_rate_logit_error,curriculum_counter_rate_logit_loss,replay_buffer_size,replay_buffer_memory_mb,env_steps_per_sec,learner_steps_per_sec,iteration_time_s,ep_reward_alignment_progress,ep_reward_alt_advantage,ep_reward_attack_funnel,ep_reward_bridge_entry,ep_reward_bridge_entry_once,ep_reward_bridge_stalemate,ep_reward_close_overspeed,ep_reward_cutin_tail_hold,ep_reward_cutin_tail_hold_progress,ep_reward_danger_exposure,ep_reward_escape_opening,ep_reward_far_range,ep_reward_first_blood,ep_reward_gun_window,ep_reward_incoming_damage,ep_reward_incoming_threat,ep_reward_incoming_warning,ep_reward_overshoot,ep_reward_phase_gate,ep_reward_projected_deck_risk,ep_reward_reacquire,ep_reward_step,ep_reward_terminal,ep_reward_terminal_cone
0,1000.0,0.0,n/a,n/a,n/a,n/a,n/a,n/a,n/a,n/a,n/a,n/a,n/a,n/a,n/a,n/a,n/a,n/a,n/a,n/a,n/a,n/a,n/a,n/a,n/a,n/a,n/a,n/a,n/a,n/a,n/a,n/a,n/a,n/a,n/a,n/a,n/a,n/a,n/a,n/a,n/a,n/a,n/a,n/a,n/a,n/a,n/a,n/a,n/a,n/a,n/a,n/a,n/a,n/a,n/a,n/a,n/a,n/a,n/a,n/a,n/a,n/a,n/a,n/a,n/a,n/a,n/a,n/a,n/a,n/a,n/a,n/a,n/a,n/a,n/a,n/a,n/a,1000,20.41946506500244,n/a,n/a,11.217525243759155,,,,,,,,,,,,,,,,,,,,,,,,
1,2000.0,0.0,n/a,n/a,n/a,n/a,n/a,n/a,n/a,n/a,n/a,n/a,n/a,n/a,n/a,n/a,n/a,n/a,n/a,n/a,n/a,n/a,n/a,n/a,n/a,n/a,n/a,n/a,n/a,n/a,n/a,n/a,n/a,n/a,n/a,n/a,n/a,n/a,n/a,n/a,n/a,n/a,n/a,n/a,n/a,n/a,n/a,n/a,n/a,n/a,n/a,n/a,n/a,-31.26738545239209,n/a,n/a,n/a,n/a,n/a,-31.26738545239209,0.8358519691157626,-2285.7039084871453,9.962267812447663e-06,-4.0,n/a,n/a,n/a,n/a,n/a,n/a,n/a,n/a,n/a,n/a,n/a,n/a,n/a,2000,20.675395965576172,n/a,n/a,41.62465238571167,,,,,,,,,,,,,,,,,,,,,,,,
2,3000.0,1.0,1519.5424800625176,1237.0,1.0,0.0,0.0,0.0,58.0,1790.5358887768912,98.08879240333115,n/a,186.40610108167766,0.0,n/a,n/a,0.0,0.0,0.0,0.0,0.0,0.0,0.0,69.12134787815836,171.46035212096953,503.7853653910654,77.42265282079732,0.0,n/a,0.0,0.0,104.81115184958055,0.0,0.0,4.0,n/a,6.322063062897834,171.34636383002092,4524.986725443654,0.005583415928897744,45.28358341592891,0.0,0.0,0.0,-0.06081430986523628,0.7575289607048035,-0.40138211846351624,0.5965538620948792,0.8419049382209778,0.5983432531356812,0.9018012285232544,0.7842420935630798,0.7530315278900566,-43.164525161743164,n/a,n/a,n/a,n/a,n/a,-43.164525161743164,0.57377413469553,-2430.0235639648436,9.848100502495072e-06,-4.0,n/a,n/a,n/a,n/a,n/a,n/a,n/a,n/a,n/a,n/a,n/a,n/a,n/a,3000,20.906009674072266,n/a,n/a,69.77146983146667,5.419911199525966,0.0,68.23726429138476,192.75,12.0,0.0,0.0,0.0,0.0,-7.5,0.0,0.0,12.0,0.0,0.0,-12.800000000000002,-18.116870997321936,0.0,60.730204426684516,0.0,0.0,-6.18499999999989,100.0,0.0
3,4000.0,2.0,2270.7875122501378,2000.0,0.0,0.0,1.0,0.0,0.0,1833.435530888806,105.49902907526553,n/a,0.0,0.0,n/a,n/a,0.0,0.0,0.0,0.0,0.0,0.0,0.0,72.0448226010441,83.04396059767792,1452.5296132423798,65.97362315662247,0.0,n/a,0.0,0.0,119.15887301271061,0.0,0.0,4.0,n/a,2.823063853935949,179.40287555335559,4785.612667856193,25.405173693135715,31.26382630686428,0.0,0.0,0.0,-0.1367320418357849,0.1960272490978241,-0.4927721917629242,0.8642433881759644,0.9004127383232117,0.9363853335380554,0.8544407486915588,0.49392154812812805,0.81225,-35.8944196472168,n/a,n/a,n/a,n/a,n/a,-35.8944196472168,0.6210759602189064,-2665.2677744140624,9.693543321191101e-06,-4.0,n/a,n/a,n/a,n/a,n/a,n/a,n/a,n/a,n/a,n/a,n/a,n/a,n/a,4000,21.06576156616211,n/a,n/a,77.6917371749878,-2.611403061604164,0.0,2.7994893630153213,476.75,12.0,0.0,0.0,0.0,0.0,0.0,0.0,0.0,0.0,0.0,0.0,0.0,-3.4671493011884533,0.0,2.565682639433256,0.0,0.0,-10.000000000000163,0.0,0.0
4,5000.0,2.0,nan,nan,nan,nan,nan,nan,nan,nan,nan,n/a,nan,nan,n/a,n/a,nan,nan,nan,nan,nan,nan,nan,nan,nan,nan,nan,nan,n/a,nan,nan,nan,nan,nan,nan,n/a,nan,nan,nan,nan,nan,nan,nan,nan,nan,nan,nan,nan,nan,nan,nan,nan,nan,-48.51347998046875,n/a,n/a,n/a,n/a,n/a,-48.51347998046875,0.4850311131477356,-2616.001708984375,9.541218969388864e-06,-4.0,n/a,n/a,n/a,n/a,n/a,n/a,n/a,n/a,n/a,n/a,n/a,n/a,n/a,5000,21.225666046142578,n/a,n/a,67.16202569007874,nan,nan,nan,nan,nan,nan,nan,nan,nan,nan,nan,nan,nan,nan,nan,nan,nan,nan,nan,nan,nan,nan,nan,nan
5,6000.0,2.0,nan,nan,nan,nan,nan,nan,nan,nan,nan,n/a,nan,nan,n/a,n/a,nan,nan,nan,nan,nan,nan,nan,nan,nan,nan,nan,nan,n/a,nan,nan,nan,nan,nan,nan,n/a,nan,nan,nan,nan,nan,nan,nan,nan,nan,nan,nan,nan,nan,nan,nan,nan,nan,-67.08365774536132,n/a,n/a,n/a,n/a,n/a,-67.08365774536132,0.48831092023849487,-2251.3350607910156,9.406923145434121e-06,-4.0,n/a,n/a,n/a,n/a,n/a,n/a,n/a,n/a,n/a,n/a,n/a,n/a,n/a,6000,21.52646255493164,n/a,n/a,75.55574417114258,nan,nan,nan,nan,nan,nan,nan,nan,nan,nan,nan,nan,nan,nan,nan,nan,nan,nan,nan,nan,nan,nan,nan,nan
6,7000.0,3.0,2733.2288265548605,2000.0,0.0,0.0,1.0,0.0,152.0,1383.264416673995,275.991141330924,n/a,30.76928891435341,0.0,n/a,n/a,0.0,0.0,0.0,0.0,0.0,0.0,0.0,185.34145558329885,593.7275571684501,1114.7294434618177,81.85532349425966,0.0,n/a,0.0,0.0,63.629036763226324,0.0,0.0,2.0,n/a,11.379482034885863,170.4408447298714,3022.249010304642,4.920155263805747,34.48815526380572,0.0,0.0,0.0,0.03563109412789345,0.7666486501693726,0.17438021302223206,0.6232165098190308,0.853945791721344,0.5379591584205627,0.9658563733100891,0.6967015862464905,0.63875,-79.49262552642823,n/a,n/a,n/a,n/a,n/a,-79.49262552642823,0.43295979756116865,-2153.1307971191404,9.28111006396648e-06,-4.0,n/a,n/a,n/a,n/a,n/a,n/a,n/a,n/a,n/a,n/a,n/a,n/a,n/a,7000,21.686290740966797,n/a,n/a,77.21971988677979,0.2589697131457916,0.0,25.473186893890375,436.25,12.0,0.0,0.0,0.0,0.0,0.0,0.0,0.0,12.0,0.0,0.0,0.0,-2.8839965975517425,0.0,190.07856115994136,0.0,0.0,-10.000000000000163,0.0,0.0
7,8000.0,4.0,3294.1380695109165,2000.0,0.0,0.0,1.0,0.0,4.0,1281.8133427489986,147.47014155275204,n/a,0.07679551304546973,0.0,n/a,n/a,-5.0,0.0,0.0,0.0,0.0,0.0,0.0,243.99411491312986,768.474880525016,1454.2706681725829,88.02305109030544,0.0,n/a,0.0,0.0,114.0111294603416,0.0,0.0,4.0,n/a,2.1161075537577516,176.074600693639,4732.862194789494,3.3570776965314217,26.6830776965314,0.0,0.0,0.0,0.0013224900467321277,0.5980441570281982,0.11448544263839722,0.5373005867004395,0.8436269760131836,0.6768506765365601,0.9819793105125427,0.7427091002464294,0.576375,-81.4908711090088,n/a,n/a,n/a,n/a,n/a,-81.4908711090088,0.40594417667388916,-2144.303260986328,9.154193241556641e-06,-4.0,n/a,n/a,n/a,n/a,n/a,n/a,n/a,n/a,n/a,n/a,n/a,n/a,n/a,8000,21.846004486083984,n/a,n/a,79.20216226577759,0.4978316978760151,0.0,42.094136954381895,478.0,12.0,0.0,0.0,0.0,0.0,0.0,0.0,0.0,12.0,0.0,0.0,0.0,-3.6349900587881665,0.0,99.33045124298117,0.0,0.0,-10.000000000000163,0.0,0.0
8,9000.0,4.0,nan,nan,nan,nan,nan,nan,nan,nan,nan,n/a,nan,nan,n/a,n/a,nan,nan,nan,nan,nan,nan,nan,nan,nan,nan,nan,nan,n/a,nan,nan,nan,nan,nan,nan,n/a,nan,nan,nan,nan,nan,nan,nan,nan,nan,nan,nan,nan,nan,nan,nan,nan,nan,-73.53548397064209,n/a,n/a,n/a,n/a,n/a,-73.53548397064209,0.340453341037035,-2163.326168701172,9.024107530422043e-06,-4.0,n/a,n/a,n/a,n/a,n/a,n/a,n/a,n/a,n/a,n/a,n/a,n/a,n/a,9000,22.006450653076172,n/a,n/a,70.20806360244751,nan,nan,nan,nan,nan,nan,nan,nan,nan,nan,nan,nan,nan,nan,nan,nan,nan,nan,nan,nan,nan,nan,nan,nan
9,10000.0,4.0,nan,nan,nan,nan,nan,nan,nan,nan,nan,n/a,nan,nan,n/a,n/a,nan,nan,nan,nan,nan,nan,nan,nan,nan,nan,nan,nan,n/a,nan,nan,nan,nan,nan,nan,n/a,nan,nan,nan,nan,nan,nan,nan,nan,nan,nan,nan,nan,nan,nan,nan,nan,nan,-75.24538240814209,n/a,n/a,n/a,n/a,n/a,-75.24538240814209,0.4100541739463806,-2110.5420803222655,8.893804390027072e-06,-4.0,n/a,n/a,n/a,n/a,n/a,n/a,n/a,n/a,n/a,n/a,n/a,n/a,n/a,10000,22.166202545166016,n/a,n/a,80.1355996131897,nan,nan,nan,nan,nan,nan,nan,nan,nan,nan,nan,nan,nan,nan,nan,nan,nan,nan,nan,nan,nan,nan,nan,nan
10,11000.0,5.0,1886.506358186695,2000.0,0.0,0.0,1.0,0.0,0.0,1612.4474684296633,195.5039189439118,n/a,0.0,-2.3277000519999973,n/a,n/a,-5.0,0.0,0.0,0.0,0.0,0.0,0.0,61.22968305875313,59.37879391045318,1139.5343473259272,85.21827529598613,0.0,n/a,0.0,0.0,70.83561569439703,0.0,34.0,4.0,n/a,3.9724234522445183,172.7075018717461,4413.23507739391,10.812394539203403,4.429394539203389,0.0,0.0,0.0,0.01674574613571167,0.5327188968658447,-0.13203929364681244,0.7491522431373596,0.8818411827087402,0.8082454204559326,0.9629594683647156,0.6544886231422424,0.78475,-79.02326944732665,n/a,n/a,n/a,n/a,n/a,-79.02326944732665,0.42990789473056795,-2075.509525634766,8.76721071654174e-06,-4.0,n/a,n/a,n/a,n/a,n/a,n/a,n/a,n/a,n/a,n/a,n/a,n/a,n/a,11000,22.607677459716797,n/a,n/a,77.82994174957275,-1.6161760598482966,0.0,4.3073887865356895,471.0,12.0,0.0,0.0,0.0,0.0,0.0,0.0,0.0,0.0,0.0,0.0,0.0,-4.376347458913294,0.0,6.322477685375918,0.0,0.0,-10.000000000000163,0.0,0.0
11,12000.0,6.0,3117.7355281030746,2000.0,0.0,0.0,1.0,0.0,16.0,1290.9691944926794,227.78361168197048,n/a,1.4233277661992696,0.0,n/a,n/a,0.0,0.0,0.0,0.0,0.0,0.0,0.0,240.75043830002258,841.2485038808184,1334.2466286032923,87.85852681526352,0.0,n/a,0.0,0.0,57.807151693919984,0.0,0.0,1.0,n/a,4.600455301780936,175.0843000017764,2879.941450956065,8.788383648318478,19.63861635168153,0.0,0.0,0.0,-0.06161337345838547,0.7319715619087219,-0.1773783564567566,0.5970199108123779,0.8270518183708191,0.5547759532928467,0.9432150721549988,0.699381411075592,0.578125,-77.07487776184082,n/a,n/a,n/a,n/a,n/a,-77.07487776184082,0.47879489821195603,-2124.0388859863283,8.639823796329438e-06,-4.0,n/a,n/a,n/a,n/a,n/a,n/a,n/a,n/a,n/a,n/a,n/a,n/a,n/a,12000,22.76742935180664,n/a,n/a,82.44050407409668,-0.5024812178228801,0.0,44.59045335752914,421.25,12.0,-2.2499999999999996,0.0,0.0,0.0,0.0,0.0,0.0,12.0,0.0,0.0,0.0,-3.5976924615649466,0.0,80.91067136536931,0.0,0.0,-10.000000000000163,0.0,0.0
12,13000.0,7.0,-555.165854018827,805.0,0.0,0.0,0.0,1.0,0.0,1651.0258200872297,214.67686376656334,n/a,-3.91022681799148,-103.19002855200003,n/a,n/a,0.0,0.0,0.0,0.0,0.0,0.0,0.0,5.3067745089459954,4.718459900289679,-162.7751936900498,19.953723919054244,0.0,n/a,0.0,0.0,-48.11007024435671,0.0,70.0,2.0,n/a,7.929479601999736,177.43756022380043,3076.515204671771,61.11590279547711,68.36409720452289,0.0,0.0,0.0,0.006906115449965,0.8953885436058044,0.2751516103744507,0.29905030131340027,0.8788703680038452,0.4307587146759033,0.9521235227584839,0.9378796219825745,0.822360248447205,-68.0193967666626,n/a,n/a,n/a,n/a,n/a,-68.0193967666626,0.5056395289301873,-2259.2687600097656,8.508768582032645e-06,-4.0,n/a,n/a,n/a,n/a,n/a,n/a,n/a,n/a,n/a,n/a,n/a,n/a,n/a,13000,22.92733383178711,n/a,n/a,64.11425352096558,-8.236094819160865,0.0,0.0,64.5,12.0,-6.0000000000000036,0.0,0.0,0.0,-166.5,0.0,0.0,0.0,0.0,-5.213635757321973,-8.799999999999999,-12.091350581017364,0.0,0.0,-32.79321188521874,0.0,-4.024999999999936,-100.0,0.0
13,14000.0,7.0,nan,nan,nan,nan,nan,nan,nan,nan,nan,n/a,nan,nan,n/a,n/a,nan,nan,nan,nan,nan,nan,nan,nan,nan,nan,nan,nan,n/a,nan,nan,nan,nan,nan,nan,n/a,nan,nan,nan,nan,nan,nan,nan,nan,nan,nan,nan,nan,nan,nan,nan,nan,nan,-67.44223471832275,n/a,n/a,n/a,n/a,n/a,-67.44223471832275,0.5838798161745071,-2286.599170410156,8.376659699933953e-06,-4.0,n/a,n/a,n/a,n/a,n/a,n/a,n/a,n/a,n/a,n/a,n/a,n/a,n/a,14000,23.08755111694336,n/a,n/a,72.46261262893677,nan,nan,nan,nan,nan,nan,nan,nan,nan,nan,nan,nan,nan,nan,nan,nan,nan,nan,nan,nan,nan,nan,nan,nan
14,15000.0,7.0,nan,nan,nan,nan,nan,nan,nan,nan,nan,n/a,nan,nan,n/a,n/a,nan,nan,nan,nan,nan,nan,nan,nan,nan,nan,nan,nan,n/a,nan,nan,nan,nan,nan,nan,n/a,nan,nan,nan,nan,nan,nan,nan,nan,nan,nan,nan,nan,nan,nan,nan,nan,nan,-68.19473518371582,n/a,n/a,n/a,n/a,n/a,-68.19473518371582,0.571503145635128,-2332.2298022460936,8.247868290709448e-06,-4.0,n/a,n/a,n/a,n/a,n/a,n/a,n/a,n/a,n/a,n/a,n/a,n/a,n/a,15000,23.247379302978516,n/a,n/a,77.68717575073242,nan,nan,nan,nan,nan,nan,nan,nan,nan,nan,nan,nan,nan,nan,nan,nan,nan,nan,nan,nan,nan,nan,nan,nan
15,16000.0,8.0,1146.6021091824834,2000.0,0.0,0.0,1.0,0.0,0.0,1512.5099904798496,133.158495029456,n/a,0.0,0.0,n/a,n/a,0.0,0.0,0.0,0.0,0.0,0.0,0.0,47.6030096749501,48.03958487361333,699.2750934316296,48.068260309806455,0.0,n/a,0.0,0.0,65.79806841916616,0.0,0.0,2.0,n/a,5.919010828289724,176.3259804271597,3143.608760446295,14.51413356957637,87.28313356957636,0.0,0.0,0.0,-0.25798866152763367,0.6928932666778564,-0.24660097062587738,0.6137015223503113,0.8659776449203491,0.6785677671432495,0.9520177245140076,0.7787522077560425,0.817,-65.669905418396,n/a,n/a,n/a,n/a,n/a,-65.669905418396,0.47582234728336337,-2327.9142734375,8.122197263219278e-06,-4.0,n/a,n/a,n/a,n/a,n/a,n/a,n/a,n/a,n/a,n/a,n/a,n/a,n/a,16000,23.407054901123047,n/a,n/a,90.61699056625366,-0.18907095599363213,0.0,0.0,269.25,12.0,-17.85000000000001,0.0,0.0,0.0,-12.0,0.0,0.0,0.0,0.0,0.0,0.0,-3.3928365706916974,0.0,0.0,0.0,0.0,-10.000000000000163,0.0,0.0
16,17000.0,9.0,2939.774395207275,2000.0,0.0,0.0,1.0,0.0,5.0,649.3303106682131,71.70263257654625,n/a,5.5462272402050194,0.0,n/a,n/a,0.0,0.0,0.0,0.0,0.0,0.0,0.0,185.63539623396383,492.58260310700155,1238.227260967025,83.6389007604246,0.0,n/a,0.0,0.0,89.9321770365373,0.0,0.0,0.0,n/a,9.84003403043992,173.37583941593277,3338.1860552750154,14.389947435537133,30.989947435537143,0.0,0.0,0.0,-0.186062291264534,0.7684268355369568,-0.583757758140564,0.646072268486023,0.8228105902671814,0.5298321843147278,0.8013986349105835,0.7499163150787354,0.66225,-62.851043495178224,n/a,n/a,n/a,n/a,n/a,-62.851043495178224,0.47851433539390564,-2341.6858359375,7.999805215149536e-06,-4.0,n/a,n/a,n/a,n/a,n/a,n/a,n/a,n/a,n/a,n/a,n/a,n/a,n/a,17000,23.56753921508789,n/a,n/a,67.27431058883667,-0.35676520377693965,0.0,225.0730046717958,406.0,12.0,-4.5,0.0,0.0,0.0,-3.0,0.0,0.0,12.0,0.0,-6.689595735406927,-7.999999999999999,-10.47137534233839,0.0,232.15656147181673,0.0,0.0,-10.000000000000163,0.0,0.0
17,18000.0,9.0,nan,nan,nan,nan,nan,nan,nan,nan,nan,n/a,nan,nan,n/a,n/a,nan,nan,nan,nan,nan,nan,nan,nan,nan,nan,nan,nan,n/a,nan,nan,nan,nan,nan,nan,n/a,nan,nan,nan,nan,nan,nan,nan,nan,nan,nan,nan,nan,nan,nan,nan,nan,nan,-60.81174951934815,n/a,n/a,n/a,n/a,n/a,-60.81174951934815,0.47921286076307296,-2349.35401953125,7.878904421886546e-06,-4.0,n/a,n/a,n/a,n/a,n/a,n/a,n/a,n/a,n/a,n/a,n/a,n/a,n/a,18000,23.727291107177734,n/a,n/a,71.03716731071472,nan,nan,nan,nan,nan,nan,nan,nan,nan,nan,nan,nan,nan,nan,nan,nan,nan,nan,nan,nan,nan,nan,nan,nan
18,19000.0,9.0,nan,nan,nan,nan,nan,nan,nan,nan,nan,n/a,nan,nan,n/a,n/a,nan,nan,nan,nan,nan,nan,nan,nan,nan,nan,nan,nan,n/a,nan,nan,nan,nan,nan,nan,n/a,nan,nan,nan,nan,nan,nan,nan,nan,nan,nan,nan,nan,nan,nan,nan,nan,nan,-61.506798362731935,n/a,n/a,n/a,n/a,n/a,-61.506798362731935,0.38531052237749097,-2372.3142470703124,7.760509699437535e-06,-4.0,n/a,n/a,n/a,n/a,n/a,n/a,n/a,n/a,n/a,n/a,n/a,n/a,n/a,19000,23.887584686279297,n/a,n/a,76.2856810092926,nan,nan,nan,nan,nan,nan,nan,nan,nan,nan,nan,nan,nan,nan,nan,nan,nan,nan,nan,nan,nan,nan,nan,nan
19,20000.0,10.0,1679.4527247658177,2000.0,0.0,0.0,1.0,0.0,0.0,2078.329992660914,268.5136593267548,n/a,0.0,0.0,n/a,n/a,0.0,0.0,0.0,0.0,0.0,0.0,0.0,58.49116000277925,110.30632187921825,1300.8878844993178,4.952634628146577,0.0,n/a,0.0,0.0,-24.305791035957895,0.0,0.0,1.0,n/a,3.1726962182157803,170.18682976877568,3104.932951449244,42.21104790344733,98.15395209655267,0.0,0.0,0.0,0.3506467640399933,0.6648668646812439,-0.5187727808952332,0.8285761475563049,0.7941910028457642,0.6597648859024048,0.8425928950309753,0.5522876977920532,0.794375,-62.935255310058594,n/a,n/a,n/a,n/a,n/a,-62.935255310058594,0.4118660672903061,-2388.9090229492185,7.643288645340363e-06,-4.0,n/a,n/a,n/a,n/a,n/a,n/a,n/a,n/a,n/a,n/a,n/a,n/a,n/a,20000,24.04733657836914,n/a,n/a,91.53762984275818,-10.755754617306588,0.0,0.8783047119274713,242.0,12.0,-5.100000000000001,0.0,0.0,0.0,0.0,0.0,0.0,0.0,0.0,0.0,0.0,-1.0323032503570182,0.0,1.1302679480188715,0.0,0.0,-10.000000000000163,0.0,0.0
20,21000.0,11.0,2018.0933146253037,2000.0,0.0,0.0,1.0,0.0,0.0,1307.7511507053025,330.75611087276695,n/a,0.0,0.0,n/a,n/a,0.0,0.0,0.0,0.0,0.0,0.0,0.0,100.00669820605405,266.58422040238673,958.5833308048033,91.76316593114973,0.0,n/a,0.0,0.0,72.90006389192612,0.0,0.0,3.0,n/a,5.121415143610875,173.7523096310134,3061.056057512595,0.129491330392781,25.199508669607226,0.0,0.0,0.0,-0.20109820365905762,0.8207184076309204,-0.5489232540130615,0.6391466856002808,0.8254410624504089,0.5162014365196228,0.7644605040550232,0.7419083118438721,0.694375,-62.08329122161865,n/a,n/a,n/a,n/a,n/a,-62.08329122161865,0.3683088457584381,-2382.071179199219,7.528041265686625e-06,-4.0,n/a,n/a,n/a,n/a,n/a,n/a,n/a,n/a,n/a,n/a,n/a,n/a,n/a,21000,24.20724105834961,n/a,n/a,68.04070568084717,0.7063560693278282,0.0,84.7177583004583,355.75,12.0,-26.24999999999993,0.0,0.0,0.0,0.0,0.0,0.0,0.0,0.0,0.0,0.0,-3.183453532983536,0.0,114.51517455215735,0.0,0.0,-10.000000000000163,0.0,0.0
21,22000.0,11.0,nan,nan,nan,nan,nan,nan,nan,nan,nan,n/a,nan,nan,n/a,n/a,nan,nan,nan,nan,nan,nan,nan,nan,nan,nan,nan,nan,n/a,nan,nan,nan,nan,nan,nan,n/a,nan,nan,nan,nan,nan,nan,nan,nan,nan,nan,nan,nan,nan,nan,nan,nan,nan,-62.63996583557129,n/a,n/a,n/a,n/a,n/a,-62.63996583557129,0.3531272879242897,-2361.873259765625,7.416485165776976e-06,-4.0,n/a,n/a,n/a,n/a,n/a,n/a,n/a,n/a,n/a,n/a,n/a,n/a,n/a,22000,25.05483627319336,n/a,n/a,74.3352460861206,nan,nan,nan,nan,nan,nan,nan,nan,nan,nan,nan,nan,nan,nan,nan,nan,nan,nan,nan,nan,nan,nan,nan,nan
22,23000.0,11.0,nan,nan,nan,nan,nan,nan,nan,nan,nan,n/a,nan,nan,n/a,n/a,nan,nan,nan,nan,nan,nan,nan,nan,nan,nan,nan,nan,n/a,nan,nan,nan,nan,nan,nan,n/a,nan,nan,nan,nan,nan,nan,nan,nan,nan,nan,nan,nan,nan,nan,nan,nan,nan,-64.3242374343872,n/a,n/a,n/a,n/a,n/a,-64.3242374343872,0.3588966899514198,-2406.7850341796875,7.305908160560648e-06,-4.0,n/a,n/a,n/a,n/a,n/a,n/a,n/a,n/a,n/a,n/a,n/a,n/a,n/a,23000,25.214664459228516,n/a,n/a,78.58875107765198,nan,nan,nan,nan,nan,nan,nan,nan,nan,nan,nan,nan,nan,nan,nan,nan,nan,nan,nan,nan,nan,nan,nan,nan
23,24000.0,12.0,2925.068735864797,1516.0,1.0,0.0,0.0,0.0,178.0,1242.957913499337,204.23760502210035,n/a,180.57394924440948,0.0,n/a,n/a,0.0,0.0,0.0,0.0,0.0,0.0,0.0,176.73911758584805,610.7650584398112,1084.8500343032958,93.66610941999568,0.0,n/a,0.0,0.0,55.997857119989135,0.0,0.0,3.0,n/a,4.9247224698419485,179.16483257426432,2907.255058367208,2.1790588061927685,26.637941193807237,0.0,0.0,0.0,0.015287995338439941,0.623174250125885,-0.38374489545822144,0.4949595630168915,0.8253772258758545,0.6495762467384338,0.8610110878944397,0.7757325768470764,0.5186345646437994,-64.25598969268799,n/a,n/a,n/a,n/a,n/a,-64.25598969268799,0.43517447298765183,-2441.932990722656,7.195407633844298e-06,-4.0,n/a,n/a,n/a,n/a,n/a,n/a,n/a,n/a,n/a,n/a,n/a,n/a,n/a,24000,25.374378204345703,n/a,n/a,82.26110577583313,0.5305000908758062,0.0,71.79045343046245,362.0,12.0,0.0,0.0,0.0,0.0,0.0,0.0,0.0,12.0,0.0,0.0,0.0,-1.5637193505104543,0.0,173.2993755805946,0.0,0.0,-7.579999999999861,100.0,0.0
24,25000.0,13.0,1811.8383368315524,2000.0,0.0,0.0,1.0,0.0,16.0,1458.895948681668,191.5457349216578,n/a,17.950331152283876,0.0,n/a,n/a,0.0,0.0,0.0,0.0,0.0,0.0,0.0,78.51069156671544,92.46398951279731,1115.4924152470414,93.13074481554243,0.0,n/a,0.0,0.0,105.27738390123632,0.0,0.0,4.0,n/a,4.862857959611715,171.59084589908338,4754.347675787156,2.3993790194061706,19.204620980593848,0.0,0.0,0.0,0.2086969017982483,0.5547850728034973,-0.18625697493553162,0.5826339721679688,0.8881433010101318,0.7970156669616699,0.9725146889686584,0.8010302186012268,0.83625,-64.59989296722412,n/a,n/a,n/a,n/a,n/a,-64.59989296722412,0.4331024019122124,-2424.620035644531,7.087235032486205e-06,-4.0,n/a,n/a,n/a,n/a,n/a,n/a,n/a,n/a,n/a,n/a,n/a,n/a,n/a,25000,25.53482437133789,n/a,n/a,71.73366022109985,0.4536167222877463,0.0,12.418665992710006,272.75,12.0,-4.800000000000001,0.0,0.0,0.0,0.0,0.0,0.0,12.0,0.0,0.0,-0.8,-9.770472795174484,0.0,24.760970716090487,0.0,0.0,-10.000000000000163,0.0,0.0
25,26000.0,13.0,nan,nan,nan,nan,nan,nan,nan,nan,nan,n/a,nan,nan,n/a,n/a,nan,nan,nan,nan,nan,nan,nan,nan,nan,nan,nan,nan,n/a,nan,nan,nan,nan,nan,nan,n/a,nan,nan,nan,nan,nan,nan,nan,nan,nan,nan,nan,nan,nan,nan,nan,nan,nan,-64.46575058746338,n/a,n/a,n/a,n/a,n/a,-64.46575058746338,0.43183613687753675,-2438.1489404296876,6.981301598898426e-06,-4.0,n/a,n/a,n/a,n/a,n/a,n/a,n/a,n/a,n/a,n/a,n/a,n/a,n/a,26000,25.694576263427734,n/a,n/a,75.22394967079163,nan,nan,nan,nan,nan,nan,nan,nan,nan,nan,nan,nan,nan,nan,nan,nan,nan,nan,nan,nan,nan,nan,nan,nan
26,27000.0,13.0,nan,nan,nan,nan,nan,nan,nan,nan,nan,n/a,nan,nan,n/a,n/a,nan,nan,nan,nan,nan,nan,nan,nan,nan,nan,nan,nan,n/a,nan,nan,nan,nan,nan,nan,n/a,nan,nan,nan,nan,nan,nan,nan,nan,nan,nan,nan,nan,nan,nan,nan,nan,nan,-65.1061325302124,n/a,n/a,n/a,n/a,n/a,-65.1061325302124,0.43215671288967134,-2465.4905258789063,6.876240594465344e-06,-4.0,n/a,n/a,n/a,n/a,n/a,n/a,n/a,n/a,n/a,n/a,n/a,n/a,n/a,27000,25.85483169555664,n/a,n/a,84.39809918403625,nan,nan,nan,nan,nan,nan,nan,nan,nan,nan,nan,nan,nan,nan,nan,nan,nan,nan,nan,nan,nan,nan,nan,nan
27,28000.0,14.0,2207.439378152096,2000.0,0.0,0.0,1.0,0.0,0.0,1129.9803024815371,163.99919604966328,n/a,0.0,0.0,n/a,n/a,0.0,0.0,0.0,0.0,0.0,0.0,0.0,91.97665055038854,101.5234819630356,1388.6778706905616,80.98907276759157,0.0,n/a,0.0,0.0,58.266688348368156,0.0,0.0,2.0,n/a,0.9412402697936607,173.66552056307233,3085.498815255228,15.519764630674358,24.842235369325643,0.0,0.0,0.0,-0.01967947743833065,0.7575928568840027,-0.09675724059343338,0.8918405175209045,0.8589275479316711,0.6285114288330078,0.9782922863960266,0.43667373061180115,0.793375,-65.10762010192872,n/a,n/a,n/a,n/a,n/a,-65.10762010192872,0.43241051262617114,-2483.9347954101563,6.7723339516305715e-06,-4.0,n/a,n/a,n/a,n/a,n/a,n/a,n/a,n/a,n/a,n/a,n/a,n/a,n/a,28000,26.014583587646484,n/a,n/a,81.81531524658203,-1.6235023632800964,0.0,27.091245580379585,439.75,12.0,-1.05,0.0,0.0,0.0,0.0,0.0,0.0,0.0,0.0,0.0,-3.2,-4.83952879889464,0.0,27.877399413898768,0.0,0.0,-10.000000000000163,0.0,0.0
28,29000.0,15.0,2424.623228931983,2000.0,0.0,0.0,1.0,0.0,31.0,858.4197073880879,131.74817852452085,n/a,41.882357375038225,0.0,n/a,n/a,0.0,0.0,0.0,0.0,0.0,0.0,0.0,127.5861689765554,229.8575899891927,1337.276323278662,74.26630243597123,0.0,n/a,0.0,0.0,86.07039802612327,0.0,0.0,1.0,n/a,2.089680776187203,170.87788967048513,3083.4226975217484,20.801550797501317,31.60155079750131,0.0,0.0,0.0,-0.25566211342811584,0.8961290121078491,-0.8322073817253113,0.6645187735557556,0.7758002281188965,0.35907021164894104,0.5468702912330627,0.7259005904197693,0.70625,-64.37152153778077,n/a,n/a,n/a,n/a,n/a,-64.37152153778077,0.43787004858255385,-2455.2206826171873,6.6709203629216065e-06,-4.0,n/a,n/a,n/a,n/a,n/a,n/a,n/a,n/a,n/a,n/a,n/a,n/a,n/a,29000,26.174488067626953,n/a,n/a,73.8367006778717,-1.3494269339243665,0.0,50.12327487367591,406.75,12.0,-1.7999999999999996,0.0,0.0,0.0,0.0,0.0,0.0,12.0,0.0,0.0,0.0,-6.041867582419974,0.0,66.00210849306485,0.0,0.0,-10.000000000000163,0.0,0.0
29,30000.0,15.0,nan,nan,nan,nan,nan,nan,nan,nan,nan,n/a,nan,nan,n/a,n/a,nan,nan,nan,nan,nan,nan,nan,nan,nan,nan,nan,nan,n/a,nan,nan,nan,nan,nan,nan,n/a,nan,nan,nan,nan,nan,nan,nan,nan,nan,nan,nan,nan,nan,nan,nan,nan,nan,-63.26731059265137,n/a,n/a,n/a,n/a,n/a,-63.26731059265137,0.4380922276377678,-2404.0886943359374,6.572859116204199e-06,-4.0,n/a,n/a,n/a,n/a,n/a,n/a,n/a,n/a,n/a,n/a,n/a,n/a,n/a,30000,26.334705352783203,n/a,n/a,77.43335294723511,nan,nan,nan,nan,nan,nan,nan,nan,nan,nan,nan,nan,nan,nan,nan,nan,nan,nan,nan,nan,nan,nan,nan,nan
30,31000.0,15.0,nan,nan,nan,nan,nan,nan,nan,nan,nan,n/a,nan,nan,n/a,n/a,nan,nan,nan,nan,nan,nan,nan,nan,nan,nan,nan,nan,n/a,nan,nan,nan,nan,nan,nan,n/a,nan,nan,nan,nan,nan,nan,nan,nan,nan,nan,nan,nan,nan,nan,nan,nan,nan,-62.29549618530273,n/a,n/a,n/a,n/a,n/a,-62.29549618530273,0.4189657266139984,-2391.284472167969,6.476847637713945e-06,-4.0,n/a,n/a,n/a,n/a,n/a,n/a,n/a,n/a,n/a,n/a,n/a,n/a,n/a,31000,26.49453353881836,n/a,n/a,88.0523464679718,nan,nan,nan,nan,nan,nan,nan,nan,nan,nan,nan,nan,nan,nan,nan,nan,nan,nan,nan,nan,nan,nan,nan,nan
31,32000.0,16.0,2458.437947224249,2000.0,0.0,0.0,1.0,0.0,17.0,839.0217813746954,68.796725070387,n/a,71.66421362777683,0.0,n/a,n/a,0.0,0.0,0.0,0.0,0.0,0.0,0.0,139.95530137737722,154.41956112278288,1339.8155275395475,98.40265329189647,0.0,n/a,0.0,0.0,139.5970609080263,0.0,0.0,4.0,n/a,2.1358940667249042,179.2089605458432,4606.416954286104,12.236434588648535,8.247565411351452,0.0,0.0,0.0,-0.2357134073972702,0.7957413792610168,-0.6935234665870667,0.7394316792488098,0.753897488117218,0.5172225832939148,0.7037836313247681,0.633300244808197,0.648625,-60.45922615814209,n/a,n/a,n/a,n/a,n/a,-60.45922615814209,0.46339306378364564,-2386.107174316406,6.381984246218053e-06,-4.0,n/a,n/a,n/a,n/a,n/a,n/a,n/a,n/a,n/a,n/a,n/a,n/a,n/a,32000,26.654170989990234,n/a,n/a,84.84214377403259,0.609412147771385,0.0,36.18611686431884,420.5,12.0,-1.7999999999999996,0.0,0.0,0.0,0.0,0.0,0.0,12.0,0.0,0.0,-2.4000000000000004,-6.0069933055959694,0.0,53.49509365030896,0.0,0.0,-10.000000000000163,0.0,0.0
32,33000.0,17.0,845.6365663782577,2000.0,0.0,0.0,1.0,0.0,0.0,1611.9717876875911,101.87058941325657,n/a,0.0,-143.41398428799988,n/a,n/a,0.0,0.0,0.0,0.0,0.0,0.0,0.0,19.258463295622168,1.208799221964991,569.8593607635647,76.98055297740244,0.0,n/a,0.0,0.0,49.34410901302922,0.0,273.0,1.0,n/a,9.052554073149198,179.61143255131452,3141.572520657383,2.069108622708145,49.76610862270818,0.0,0.0,0.0,-0.14244617521762848,0.7288430333137512,-0.5484985113143921,0.49869823455810547,0.8636661171913147,0.652233362197876,0.8188345432281494,0.8592272996902466,0.80775,-60.67327272796631,n/a,n/a,n/a,n/a,n/a,-60.67327272796631,0.40782566359639166,-2431.064470703125,6.287254844210111e-06,-4.0,n/a,n/a,n/a,n/a,n/a,n/a,n/a,n/a,n/a,n/a,n/a,n/a,n/a,33000,26.814693450927734,n/a,n/a,71.53699851036072,0.14463283939285979,0.0,0.061397836279767304,331.25,12.0,-52.79999999999968,0.0,0.0,0.0,0.0,0.0,0.0,0.0,0.0,0.0,-3.2,-5.160419594003887,0.0,0.10365431300661154,0.0,0.0,-10.000000000000163,0.0,0.0
33,34000.0,17.0,nan,nan,nan,nan,nan,nan,nan,nan,nan,n/a,nan,nan,n/a,n/a,nan,nan,nan,nan,nan,nan,nan,nan,nan,nan,nan,nan,n/a,nan,nan,nan,nan,nan,nan,n/a,nan,nan,nan,nan,nan,nan,nan,nan,nan,nan,nan,nan,nan,nan,nan,nan,nan,-59.16094281768799,n/a,n/a,n/a,n/a,n/a,-59.16094281768799,0.3207136675417423,-2468.3510356445313,6.192561412717623e-06,-4.0,n/a,n/a,n/a,n/a,n/a,n/a,n/a,n/a,n/a,n/a,n/a,n/a,n/a,34000,26.974445343017578,n/a,n/a,76.36157035827637,nan,nan,nan,nan,nan,nan,nan,nan,nan,nan,nan,nan,nan,nan,nan,nan,nan,nan,nan,nan,nan,nan,nan,nan
34,35000.0,17.0,nan,nan,nan,nan,nan,nan,nan,nan,nan,n/a,nan,nan,n/a,n/a,nan,nan,nan,nan,nan,nan,nan,nan,nan,nan,nan,nan,n/a,nan,nan,nan,nan,nan,nan,n/a,nan,nan,nan,nan,nan,nan,nan,nan,nan,nan,nan,nan,nan,nan,nan,nan,nan,-57.465394088745114,n/a,n/a,n/a,n/a,n/a,-57.465394088745114,0.3339725525677204,-2494.5197890625,6.098802332417108e-06,-4.0,n/a,n/a,n/a,n/a,n/a,n/a,n/a,n/a,n/a,n/a,n/a,n/a,n/a,35000,27.13473892211914,n/a,n/a,85.33235311508179,nan,nan,nan,nan,nan,nan,nan,nan,nan,nan,nan,nan,nan,nan,nan,nan,nan,nan,nan,nan,nan,nan,nan,nan
35,36000.0,18.0,1915.3094443777225,2000.0,0.0,0.0,1.0,0.0,0.0,1469.9375014820355,266.59973495608773,n/a,0.0,0.0,n/a,n/a,0.0,0.0,0.0,0.0,0.0,0.0,0.0,41.10330419256771,33.81331948243091,1288.344990531754,76.60604545176767,0.0,n/a,0.0,0.0,57.102622984658865,0.0,0.0,0.0,n/a,6.448070588751747,179.93872443020862,2836.780832308564,54.84594418938748,5.220055810612508,0.0,0.0,0.0,0.1887444108724594,0.9680284261703491,0.07652246952056885,0.8352200984954834,0.7876043915748596,0.23114334046840668,0.9728390574455261,0.5360184907913208,0.765625,-59.13343019104004,n/a,n/a,n/a,n/a,n/a,-59.13343019104004,0.3473373953700066,-2480.9192504882812,6.006884572343552e-06,-4.0,n/a,n/a,n/a,n/a,n/a,n/a,n/a,n/a,n/a,n/a,n/a,n/a,n/a,36000,27.294490814208984,n/a,n/a,82.28302526473999,-5.6210340359077895,0.0,0.0,425.75,12.0,-1.05,0.0,0.0,0.0,0.0,0.0,0.0,0.0,0.0,0.0,0.0,-2.7398042295672855,0.0,0.0,0.0,0.0,-10.000000000000163,0.0,0.0
36,37000.0,19.0,1257.6320543684376,2000.0,0.0,0.0,1.0,0.0,3.0,1618.4364770513228,261.3367242241202,n/a,0.031972899566324306,0.0,n/a,n/a,0.0,0.0,0.0,0.0,0.0,0.0,0.0,64.17805819690182,74.95334309300529,673.7539434800366,73.88850547413924,0.0,n/a,0.0,0.0,85.59102947214292,0.0,0.0,5.0,n/a,2.3263679475475234,172.90695401219662,4459.463926371506,34.450448630737625,16.140551369262408,0.0,0.0,0.0,-0.13888733088970184,0.7605013847351074,-0.523107647895813,0.49635419249534607,0.8544900417327881,0.612555205821991,0.7863317728042603,0.8596587181091309,0.771,-59.95748651885987,n/a,n/a,n/a,n/a,n/a,-59.95748651885987,0.33675602269172666,-2461.28520703125,5.917655529628974e-06,-4.0,n/a,n/a,n/a,n/a,n/a,n/a,n/a,n/a,n/a,n/a,n/a,n/a,n/a,37000,27.454395294189453,n/a,n/a,73.18708968162537,-3.8181339189692722,0.0,0.8630494363083405,282.5,12.0,-5.250000000000002,0.0,0.0,0.0,0.0,0.0,0.0,12.0,0.0,0.0,0.0,-7.53199148029872,0.0,4.472277715600777,0.0,0.0,-10.000000000000163,0.0,0.0
37,38000.0,19.0,nan,nan,nan,nan,nan,nan,nan,nan,nan,n/a,nan,nan,n/a,n/a,nan,nan,nan,nan,nan,nan,nan,nan,nan,nan,nan,nan,n/a,nan,nan,nan,nan,nan,nan,n/a,nan,nan,nan,nan,nan,nan,nan,nan,nan,nan,nan,nan,nan,nan,nan,nan,nan,-61.65025347900391,n/a,n/a,n/a,n/a,n/a,-61.65025347900391,0.33071714207530023,-2429.5426069335936,5.830662585140089e-06,-4.0,n/a,n/a,n/a,n/a,n/a,n/a,n/a,n/a,n/a,n/a,n/a,n/a,n/a,38000,27.614574432373047,n/a,n/a,78.48071122169495,nan,nan,nan,nan,nan,nan,nan,nan,nan,nan,nan,nan,nan,nan,nan,nan,nan,nan,nan,nan,nan,nan,nan,nan
38,39000.0,20.0,2744.6981931983587,1490.0,1.0,0.0,0.0,0.0,150.0,1510.0110001199225,133.52833589599038,n/a,181.6873581417524,0.0,n/a,n/a,0.0,0.0,0.0,0.0,0.0,0.0,0.0,139.2460894325024,576.0212634510976,980.2401576720805,92.26875029671382,0.0,n/a,0.0,0.0,65.7881257530846,0.0,0.0,0.0,n/a,5.6615176889900924,172.98692986063656,2910.60358305857,1.3815125962117898,28.346512596211824,0.0,0.0,0.0,-0.0039040769916027784,0.6899628043174744,-0.29589927196502686,0.5498080253601074,0.8714544773101807,0.6263843178749084,0.8721757531166077,0.7771851420402527,0.6119127516778523,-58.1434573059082,n/a,n/a,n/a,n/a,n/a,-58.1434573059082,0.3695455463528633,-2466.8888110351563,5.744461940594192e-06,-4.0,n/a,n/a,n/a,n/a,n/a,n/a,n/a,n/a,n/a,n/a,n/a,n/a,n/a,39000,27.774402618408203,n/a,n/a,74.66058564186096,1.3894600841700258,0.0,102.63841989385253,310.25,12.0,-0.75,0.0,0.0,0.0,0.0,0.0,0.0,12.0,0.0,0.0,0.0,-3.832210536884564,0.0,183.20077900996546,0.0,0.0,-7.449999999999863,100.0,0.0
39,40000.0,21.0,-603.4037154028124,1642.0,0.0,0.0,0.0,1.0,0.0,1375.188021558609,151.61318136956234,n/a,-125.77956246048191,-82.60463981200002,n/a,n/a,-5.0,0.0,0.0,0.0,0.0,0.0,0.0,41.967072688229536,51.80475855818283,86.89946029674212,33.11407000278691,0.0,n/a,0.0,0.0,27.58142550758485,0.0,29.0,2.0,n/a,5.827721792453255,179.22194779728838,3185.5418249057348,44.21102910792236,17.451029107922363,0.0,0.0,0.0,-0.2929069697856903,0.8450380563735962,-0.12985575199127197,0.720862090587616,0.8492391705513,0.5058112740516663,0.9831836819648743,0.6839116215705872,0.8471376370280146,-53.06175817871094,n/a,n/a,n/a,n/a,n/a,-53.06175817871094,0.39874659025669096,-2489.773998046875,5.658172044604726e-06,-4.0,n/a,n/a,n/a,n/a,n/a,n/a,n/a,n/a,n/a,n/a,n/a,n/a,n/a,40000,27.93411636352539,n/a,n/a,78.8768846988678,-10.42307265590809,0.0,10.81751787579656,79.5,12.0,-38.69999999999981,0.0,0.0,0.0,-373.5,0.0,0.0,0.0,0.0,-167.7060832806426,-1.6,-6.941207290588151,0.0,14.472330959300228,-41.0957857918125,0.0,-8.209999999999884,-100.0,0.0
40,41000.0,21.0,nan,nan,nan,nan,nan,nan,nan,nan,nan,n/a,nan,nan,n/a,n/a,nan,nan,nan,nan,nan,nan,nan,nan,nan,nan,nan,nan,n/a,nan,nan,nan,nan,nan,nan,n/a,nan,nan,nan,nan,nan,nan,nan,nan,nan,nan,nan,nan,nan,nan,nan,nan,nan,-56.12793076324463,n/a,n/a,n/a,n/a,n/a,-56.12793076324463,0.35527365463972094,-2452.3023642578123,5.574042663283763e-06,-4.0,n/a,n/a,n/a,n/a,n/a,n/a,n/a,n/a,n/a,n/a,n/a,n/a,n/a,41000,28.094562530517578,n/a,n/a,78.2310938835144,nan,nan,nan,nan,nan,nan,nan,nan,nan,nan,nan,nan,nan,nan,nan,nan,nan,nan,nan,nan,nan,nan,nan,nan
41,42000.0,21.0,nan,nan,nan,nan,nan,nan,nan,nan,nan,n/a,nan,nan,n/a,n/a,nan,nan,nan,nan,nan,nan,nan,nan,nan,nan,nan,nan,n/a,nan,nan,nan,nan,nan,nan,n/a,nan,nan,nan,nan,nan,nan,nan,nan,nan,nan,nan,nan,nan,nan,nan,nan,nan,-60.200953338623044,n/a,n/a,n/a,n/a,n/a,-60.200953338623044,0.32878356891870497,-2413.1454013671873,5.492234116900363e-06,-4.0,n/a,n/a,n/a,n/a,n/a,n/a,n/a,n/a,n/a,n/a,n/a,n/a,n/a,42000,28.254314422607422,n/a,n/a,90.38923954963684,nan,nan,nan,nan,nan,nan,nan,nan,nan,nan,nan,nan,nan,nan,nan,nan,nan,nan,nan,nan,nan,nan,nan,nan
42,43000.0,22.0,3109.340019484605,2000.0,0.0,0.0,1.0,0.0,157.0,1147.7159049204363,183.34312776141886,n/a,109.5758853023287,0.0,n/a,n/a,0.0,0.0,0.0,0.0,0.0,0.0,0.0,203.0616390205061,762.2411296667432,1071.0852026387433,92.51508744466605,0.0,n/a,0.0,0.0,77.26475453468291,0.0,0.0,1.0,n/a,6.541654726928438,174.13527330619297,3109.3338917550786,1.6240033847084494,23.03900338470846,0.0,0.0,0.0,-0.10725070536136627,0.7954502701759338,0.0777231752872467,0.5837318897247314,0.8479812741279602,0.5020513534545898,0.88663649559021,0.7718979716300964,0.62175,-60.71772371673584,n/a,n/a,n/a,n/a,n/a,-60.71772371673584,0.3203377657532692,-2417.033296875,5.411726090642333e-06,-4.0,n/a,n/a,n/a,n/a,n/a,n/a,n/a,n/a,n/a,n/a,n/a,n/a,n/a,43000,28.414417266845703,n/a,n/a,84.1452956199646,1.1679651978724515,0.0,139.16133002365478,387.25,12.0,-7.350000000000007,0.0,0.0,0.0,0.0,0.0,0.0,12.0,0.0,0.0,0.0,-6.117835203947651,0.0,265.4848608593347,0.0,0.0,-10.000000000000163,0.0,0.0
43,44000.0,23.0,2490.2275766646558,2000.0,0.0,0.0,1.0,0.0,35.0,881.4713244096074,101.36240548941053,n/a,63.316864311067214,0.0,n/a,n/a,0.0,0.0,0.0,0.0,0.0,0.0,0.0,140.2309629837255,285.4114261720987,1327.8047505192162,71.41289465605779,0.0,n/a,0.0,0.0,94.81089913211322,0.0,0.0,1.0,n/a,1.4133876825691707,172.12644436414502,3220.203618599522,22.1640684806535,33.5330684806535,0.0,0.0,0.0,-0.14192995429039001,0.8838451504707336,-0.5952997207641602,0.7328822016716003,0.8021144270896912,0.38941869139671326,0.7790023684501648,0.6644012331962585,0.7225,-59.484572784423825,n/a,n/a,n/a,n/a,n/a,-59.484572784423825,0.3335161175131798,-2445.209720214844,5.331739042958361e-06,-4.0,n/a,n/a,n/a,n/a,n/a,n/a,n/a,n/a,n/a,n/a,n/a,n/a,n/a,44000,29.824214935302734,n/a,n/a,77.43989038467407,-2.3500172491869007,0.0,41.99665021232992,396.75,12.0,-2.999999999999999,0.0,0.0,0.0,0.0,0.0,0.0,12.0,0.0,0.0,-2.4000000000000004,-4.895398335582364,0.0,67.13854426277436,0.0,0.0,-10.000000000000163,0.0,0.0
44,45000.0,23.0,nan,nan,nan,nan,nan,nan,nan,nan,nan,n/a,nan,nan,n/a,n/a,nan,nan,nan,nan,nan,nan,nan,nan,nan,nan,nan,nan,n/a,nan,nan,nan,nan,nan,nan,n/a,nan,nan,nan,nan,nan,nan,nan,nan,nan,nan,nan,nan,nan,nan,nan,nan,nan,-59.9902389831543,n/a,n/a,n/a,n/a,n/a,-59.9902389831543,0.3287974546849728,-2446.6948520507813,5.252394216768152e-06,-4.0,n/a,n/a,n/a,n/a,n/a,n/a,n/a,n/a,n/a,n/a,n/a,n/a,n/a,45000,29.98404312133789,n/a,n/a,78.14088106155396,nan,nan,nan,nan,nan,nan,nan,nan,nan,nan,nan,nan,nan,nan,nan,nan,nan,nan,nan,nan,nan,nan,nan,nan
45,46000.0,23.0,nan,nan,nan,nan,nan,nan,nan,nan,nan,n/a,nan,nan,n/a,n/a,nan,nan,nan,nan,nan,nan,nan,nan,nan,nan,nan,nan,n/a,nan,nan,nan,nan,nan,nan,n/a,nan,nan,nan,nan,nan,nan,nan,nan,nan,nan,nan,nan,nan,nan,nan,nan,nan,-60.28783815765381,n/a,n/a,n/a,n/a,n/a,-60.28783815765381,0.32085014393925665,-2467.204374511719,5.173872435989324e-06,-4.0,n/a,n/a,n/a,n/a,n/a,n/a,n/a,n/a,n/a,n/a,n/a,n/a,n/a,46000,30.144336700439453,n/a,n/a,88.4849181175232,nan,nan,nan,nan,nan,nan,nan,nan,nan,nan,nan,nan,nan,nan,nan,nan,nan,nan,nan,nan,nan,nan,nan,nan
46,47000.0,24.0,1974.2076246874014,2000.0,0.0,0.0,1.0,0.0,1.0,1269.893437420622,100.36198994734987,n/a,3.144569788163638,0.0,n/a,n/a,-5.0,0.0,0.0,0.0,0.0,0.0,0.0,81.69396658945428,91.20267872097185,1280.3718405464222,62.79718069600187,0.0,n/a,0.0,0.0,54.32013933618155,0.0,0.0,3.0,n/a,7.1390399547980055,170.58860852940737,3093.497818445722,16.4978165315158,44.30518346848418,0.0,0.0,0.0,0.1841791272163391,0.9177641272544861,-0.11764054745435715,0.7965826988220215,0.8167852163314819,0.3415575623512268,0.9588801264762878,0.5896233916282654,0.751375,-59.460895256042484,n/a,n/a,n/a,n/a,n/a,-59.460895256042484,0.32516017198562625,-2472.909255371094,5.096311613669968e-06,-4.0,n/a,n/a,n/a,n/a,n/a,n/a,n/a,n/a,n/a,n/a,n/a,n/a,n/a,47000,30.304126739501953,n/a,n/a,82.81039261817932,0.9663126761756745,0.0,8.554360587157948,378.0,12.0,-1.7999999999999996,0.0,0.0,0.0,0.0,0.0,0.0,12.0,0.0,0.0,0.0,-4.858160267238503,0.0,10.814736014069556,0.0,0.0,-10.000000000000163,0.0,0.0
47,48000.0,25.0,2487.264313499814,2000.0,0.0,0.0,1.0,0.0,2.0,976.8363584680935,170.8375637836636,n/a,3.281098384734435,0.0,n/a,n/a,0.0,0.0,0.0,0.0,0.0,0.0,0.0,121.32208753099937,187.23651990870192,1428.1812715120711,88.60556374990004,0.0,n/a,0.0,0.0,75.84657530906858,0.0,0.0,3.0,n/a,8.581629751804742,178.08306497268586,3256.457459051082,25.909935043641195,11.846064956358806,0.0,0.0,0.0,0.014881313778460026,0.8449775576591492,-0.023564733564853668,0.8312435746192932,0.833771824836731,0.5029536485671997,0.96125328540802,0.5411335229873657,0.73975,-57.496228981018064,n/a,n/a,n/a,n/a,n/a,-57.496228981018064,0.3280880520939827,-2487.2283842773436,5.019913643081964e-06,-4.0,n/a,n/a,n/a,n/a,n/a,n/a,n/a,n/a,n/a,n/a,n/a,n/a,n/a,48000,30.46384048461914,n/a,n/a,79.91007685661316,-2.018890631873222,0.0,55.62817561535378,475.0,12.0,0.0,0.0,0.0,0.0,0.0,0.0,0.0,12.0,0.0,0.0,-4.0,-7.40503745355551,0.0,51.586949574366244,0.0,0.0,-10.000000000000163,0.0,0.0
48,49000.0,25.0,nan,nan,nan,nan,nan,nan,nan,nan,nan,n/a,nan,nan,n/a,n/a,nan,nan,nan,nan,nan,nan,nan,nan,nan,nan,nan,nan,n/a,nan,nan,nan,nan,nan,nan,n/a,nan,nan,nan,nan,nan,nan,nan,nan,nan,nan,nan,nan,nan,nan,nan,nan,nan,-57.26910487365723,n/a,n/a,n/a,n/a,n/a,-57.26910487365723,0.3211765651702881,-2477.7934897460937,4.944809003063711e-06,-4.0,n/a,n/a,n/a,n/a,n/a,n/a,n/a,n/a,n/a,n/a,n/a,n/a,n/a,49000,30.62417221069336,n/a,n/a,78.7363805770874,nan,nan,nan,nan,nan,nan,nan,nan,nan,nan,nan,nan,nan,nan,nan,nan,nan,nan,nan,nan,nan,nan,nan,nan
49,50000.0,25.0,nan,nan,nan,nan,nan,nan,nan,nan,nan,n/a,nan,nan,n/a,n/a,nan,nan,nan,nan,nan,nan,nan,nan,nan,nan,nan,nan,n/a,nan,nan,nan,nan,nan,nan,n/a,nan,nan,nan,nan,nan,nan,nan,nan,nan,nan,nan,nan,nan,nan,nan,nan,nan,-55.317280418395995,n/a,n/a,n/a,n/a,n/a,-55.317280418395995,0.3428103232681751,-2454.8412734375,4.8717925401433605e-06,-4.0,n/a,n/a,n/a,n/a,n/a,n/a,n/a,n/a,n/a,n/a,n/a,n/a,n/a,50000,30.784076690673828,n/a,n/a,85.43799543380737,nan,nan,nan,nan,nan,nan,nan,nan,nan,nan,nan,nan,nan,nan,nan,nan,nan,nan,nan,nan,nan,nan,nan,nan
50,51000.0,26.0,87.94351684922047,2000.0,0.0,0.0,1.0,0.0,0.0,1784.0263041318576,87.58270524982966,n/a,0.0,0.0,n/a,n/a,-5.0,0.0,0.0,0.0,0.0,0.0,0.0,29.872683164002005,13.707979515400622,306.53492601081774,-65.28346342699788,0.0,n/a,0.0,0.0,87.03097203575985,0.0,0.0,4.0,n/a,5.162461943470324,177.50950749773676,4404.142671097535,135.6268828115572,165.90411718844285,0.0,0.0,0.0,0.07972823083400726,0.6334050297737122,-0.28101834654808044,0.5039538145065308,0.826394259929657,0.7376248836517334,0.9407689571380615,0.8465511202812195,0.77925,-54.69295667266846,n/a,n/a,n/a,n/a,n/a,-54.69295667266846,0.32946908015012744,-2458.8207670898437,4.799943961188546e-06,-4.0,n/a,n/a,n/a,n/a,n/a,n/a,n/a,n/a,n/a,n/a,n/a,n/a,n/a,51000,30.944332122802734,n/a,n/a,81.77302384376526,-12.313210013020555,0.0,1.1083452933543583,77.5,12.0,-44.84999999999975,0.0,0.0,0.0,-297.0,0.0,0.0,0.0,0.0,0.0,0.0,-8.04161474287915,0.0,2.676899012783627,0.0,0.0,-10.000000000000163,0.0,0.0
51,52000.0,27.0,3884.9735687254006,2000.0,0.0,0.0,1.0,0.0,146.0,1234.7601012184955,88.18043423607982,n/a,73.31253335693604,0.0,n/a,n/a,-5.0,0.0,0.0,0.0,0.0,0.0,0.0,276.51721362000677,1101.0466509012297,1443.4874268142555,82.15869645122045,0.0,n/a,0.0,0.0,93.67157770980077,0.0,0.0,4.0,n/a,1.7714418936279805,178.98063808586167,4406.774093337052,0.6308345411035171,34.81483454110348,0.0,0.0,0.0,-0.03336125239729881,0.6930091977119446,0.032736290246248245,0.4953770637512207,0.8470320105552673,0.5687009692192078,0.9605334401130676,0.7177785634994507,0.489125,-56.45703246307373,n/a,n/a,n/a,n/a,n/a,-56.45703246307373,0.33068630313873293,-2442.949882324219,4.7293091884057504e-06,-4.0,n/a,n/a,n/a,n/a,n/a,n/a,n/a,n/a,n/a,n/a,n/a,n/a,n/a,52000,31.104122161865234,n/a,n/a,80.96029233932495,4.271101872031275,0.0,70.69016069765999,465.25,12.0,0.0,0.0,0.0,0.0,0.0,0.0,0.0,12.0,0.0,0.0,-8.799999999999999,-7.567103537008638,0.0,281.9353108392212,0.0,0.0,-10.000000000000163,0.0,0.0
52,53000.0,27.0,nan,nan,nan,nan,nan,nan,nan,nan,nan,n/a,nan,nan,n/a,n/a,nan,nan,nan,nan,nan,nan,nan,nan,nan,nan,nan,nan,n/a,nan,nan,nan,nan,nan,nan,n/a,nan,nan,nan,nan,nan,nan,nan,nan,nan,nan,nan,nan,nan,nan,nan,nan,nan,-55.84259886932373,n/a,n/a,n/a,n/a,n/a,-55.84259886932373,0.2941718155145645,-2474.69979296875,4.6590737392762095e-06,-4.0,n/a,n/a,n/a,n/a,n/a,n/a,n/a,n/a,n/a,n/a,n/a,n/a,n/a,53000,31.26395034790039,n/a,n/a,78.85475158691406,nan,nan,nan,nan,nan,nan,nan,nan,nan,nan,nan,nan,nan,nan,nan,nan,nan,nan,nan,nan,nan,nan,nan,nan
53,54000.0,27.0,nan,nan,nan,nan,nan,nan,nan,nan,nan,n/a,nan,nan,n/a,n/a,nan,nan,nan,nan,nan,nan,nan,nan,nan,nan,nan,nan,n/a,nan,nan,nan,nan,nan,nan,n/a,nan,nan,nan,nan,nan,nan,nan,nan,nan,nan,nan,nan,nan,nan,nan,nan,nan,-56.90913200378418,n/a,n/a,n/a,n/a,n/a,-56.90913200378418,0.22769648936390877,-2477.232773925781,4.589624113577884e-06,-4.0,n/a,n/a,n/a,n/a,n/a,n/a,n/a,n/a,n/a,n/a,n/a,n/a,n/a,54000,31.42416763305664,n/a,n/a,89.85858106613159,nan,nan,nan,nan,nan,nan,nan,nan,nan,nan,nan,nan,nan,nan,nan,nan,nan,nan,nan,nan,nan,nan,nan,nan
54,55000.0,28.0,2481.2363094627717,2000.0,0.0,0.0,1.0,0.0,28.0,902.4230364998706,99.13660990519563,n/a,110.09634895832164,0.0,n/a,n/a,0.0,0.0,0.0,0.0,0.0,0.0,0.0,144.59331937033207,193.3064053170572,1286.6888870609303,94.23971039732908,0.0,n/a,0.0,0.0,87.83629356777149,0.0,0.0,3.0,n/a,1.778583572141879,170.65602083826727,2959.5745722349316,2.096224992728841,12.883224992728852,0.0,0.0,0.0,-0.24028202891349792,0.8394299745559692,-0.7476853728294373,0.6779879331588745,0.7813694477081299,0.4491671621799469,0.6421405076980591,0.715971052646637,0.685375,-56.1292001953125,n/a,n/a,n/a,n/a,n/a,-56.1292001953125,0.2280477781891823,-2487.3606318359375,4.520953803876182e-06,-4.0,n/a,n/a,n/a,n/a,n/a,n/a,n/a,n/a,n/a,n/a,n/a,n/a,n/a,55000,31.58395767211914,n/a,n/a,82.46403646469116,0.004608879304415947,0.0,63.961814791359956,417.25,12.0,0.0,0.0,0.0,0.0,0.0,0.0,0.0,12.0,0.0,0.0,0.0,-4.144025819330627,0.0,73.40294693965443,0.0,0.0,-10.000000000000163,0.0,0.0
55,56000.0,29.0,2029.455873483931,2000.0,0.0,0.0,1.0,0.0,8.0,1133.423215185653,87.05025444987926,n/a,10.872096142904795,0.0,n/a,n/a,0.0,0.0,0.0,0.0,0.0,0.0,0.0,79.46230731833191,120.64581126329657,1149.4594485045084,78.1972801082694,0.0,n/a,0.0,0.0,96.62863408725791,0.0,0.0,1.0,n/a,0.334701611101217,176.17219789751144,3244.5283074207796,15.728255061814417,30.168255061814413,0.0,0.0,0.0,-0.09337655454874039,0.8687284588813782,-0.5608933568000793,0.7146543860435486,0.8334479928016663,0.44457802176475525,0.8196306228637695,0.6891404986381531,0.756,-55.61898086547851,n/a,n/a,n/a,n/a,n/a,-55.61898086547851,0.22790093582868576,-2472.156121582031,4.453871360055928e-06,-4.0,n/a,n/a,n/a,n/a,n/a,n/a,n/a,n/a,n/a,n/a,n/a,n/a,n/a,56000,31.743709564208984,n/a,n/a,79.60896849632263,2.139773131901197,0.0,27.5423562171232,422.25,12.0,-1.05,0.0,0.0,0.0,0.0,0.0,0.0,12.0,0.0,0.0,-2.4000000000000004,-9.280595133171792,0.0,40.988761843475395,0.0,0.0,-10.000000000000163,0.0,0.0
56,57000.0,29.0,nan,nan,nan,nan,nan,nan,nan,nan,nan,n/a,nan,nan,n/a,n/a,nan,nan,nan,nan,nan,nan,nan,nan,nan,nan,nan,nan,n/a,nan,nan,nan,nan,nan,nan,n/a,nan,nan,nan,nan,nan,nan,nan,nan,nan,nan,nan,nan,nan,nan,nan,nan,nan,-56.175827812194825,n/a,n/a,n/a,n/a,n/a,-56.175827812194825,0.2241847960650921,-2487.9685043945315,4.387699213111773e-06,-4.0,n/a,n/a,n/a,n/a,n/a,n/a,n/a,n/a,n/a,n/a,n/a,n/a,n/a,57000,31.904041290283203,n/a,n/a,79.77368521690369,nan,nan,nan,nan,nan,nan,nan,nan,nan,nan,nan,nan,nan,nan,nan,nan,nan,nan,nan,nan,nan,nan,nan,nan
57,58000.0,29.0,nan,nan,nan,nan,nan,nan,nan,nan,nan,n/a,nan,nan,n/a,n/a,nan,nan,nan,nan,nan,nan,nan,nan,nan,nan,nan,nan,n/a,nan,nan,nan,nan,nan,nan,n/a,nan,nan,nan,nan,nan,nan,nan,nan,nan,nan,nan,nan,nan,nan,nan,nan,nan,-56.80644484710693,n/a,n/a,n/a,n/a,n/a,-56.80644484710693,0.22195514774322508,-2478.9060458984377,4.32255804844317e-06,-4.0,n/a,n/a,n/a,n/a,n/a,n/a,n/a,n/a,n/a,n/a,n/a,n/a,n/a,58000,32.063907623291016,n/a,n/a,88.21369481086731,nan,nan,nan,nan,nan,nan,nan,nan,nan,nan,nan,nan,nan,nan,nan,nan,nan,nan,nan,nan,nan,nan,nan,nan
58,59000.0,30.0,2092.8622303055995,2000.0,0.0,0.0,1.0,0.0,8.0,1801.264227933931,118.44579493731395,n/a,9.192191845465807,0.0,n/a,n/a,0.0,0.0,0.0,0.0,0.0,0.0,0.0,81.8190320856111,86.80957141126402,1351.0943729169167,63.93583472739665,0.0,n/a,0.0,0.0,3.0317507631403426,0.0,0.0,1.0,n/a,2.7625809517623257,172.59243818544704,3049.4072756671776,0.3071662884977846,57.62083371150221,0.0,0.0,0.0,-0.1428183913230896,0.21334318816661835,0.011517148464918137,0.8469326496124268,0.8868122696876526,0.931790292263031,0.9670132994651794,0.5214319229125977,0.773125,-55.57388209533691,n/a,n/a,n/a,n/a,n/a,-55.57388209533691,0.22229391959309577,-2488.06962890625,4.258447330357739e-06,-4.0,n/a,n/a,n/a,n/a,n/a,n/a,n/a,n/a,n/a,n/a,n/a,n/a,n/a,59000,32.224124908447266,n/a,n/a,82.95977711677551,1.398725864166735,0.0,16.519006334976524,451.5,12.0,0.0,0.0,0.0,0.0,0.0,0.0,0.0,12.0,0.0,0.0,-1.6,-4.804271887029633,0.0,19.966016243650266,0.0,0.0,-10.000000000000163,0.0,0.0
59,60000.0,31.0,2321.919558952183,2000.0,0.0,0.0,1.0,0.0,8.0,572.644573696427,79.20619033685031,n/a,16.676386271506676,0.0,n/a,n/a,0.0,0.0,0.0,0.0,0.0,0.0,0.0,128.54845777112914,86.31381995635623,1395.7654782580964,74.71536118319939,0.0,n/a,0.0,0.0,81.98793599479406,0.0,0.0,0.0,n/a,8.419944358803173,169.92287219344723,3077.5544844588158,16.469637819481935,28.307637819481933,0.0,0.0,0.0,-0.23807117342948914,0.8869821429252625,-0.8105367422103882,0.7566676139831543,0.7843689918518066,0.3413934111595154,0.5597992539405823,0.6106293797492981,0.659,-56.21228706359863,n/a,n/a,n/a,n/a,n/a,-56.21228706359863,0.22135417288541795,-2486.380672363281,4.19521508320031e-06,-4.0,n/a,n/a,n/a,n/a,n/a,n/a,n/a,n/a,n/a,n/a,n/a,n/a,n/a,60000,32.383914947509766,n/a,n/a,80.00891137123108,0.7394227406063643,0.0,30.49545275713005,469.5,12.0,0.0,0.0,0.0,0.0,0.0,0.0,0.0,12.0,0.0,0.0,-4.0,-6.279566817247407,0.0,33.456810836565445,0.0,0.0,-10.000000000000163,0.0,0.0
60,61000.0,31.0,nan,nan,nan,nan,nan,nan,nan,nan,nan,n/a,nan,nan,n/a,n/a,nan,nan,nan,nan,nan,nan,nan,nan,nan,nan,nan,nan,n/a,nan,nan,nan,nan,nan,nan,n/a,nan,nan,nan,nan,nan,nan,nan,nan,nan,nan,nan,nan,nan,nan,nan,nan,nan,-57.59406562805176,n/a,n/a,n/a,n/a,n/a,-57.59406562805176,0.2180050264596939,-2457.457569824219,4.1333523286084525e-06,-4.0,n/a,n/a,n/a,n/a,n/a,n/a,n/a,n/a,n/a,n/a,n/a,n/a,n/a,61000,32.54374313354492,n/a,n/a,80.3169047832489,nan,nan,nan,nan,nan,nan,nan,nan,nan,nan,nan,nan,nan,nan,nan,nan,nan,nan,nan,nan,nan,nan,nan,nan
61,62000.0,31.0,nan,nan,nan,nan,nan,nan,nan,nan,nan,n/a,nan,nan,n/a,n/a,nan,nan,nan,nan,nan,nan,nan,nan,nan,nan,nan,nan,n/a,nan,nan,nan,nan,nan,nan,n/a,nan,nan,nan,nan,nan,nan,nan,nan,nan,nan,nan,nan,nan,nan,nan,nan,nan,-59.93417190551758,n/a,n/a,n/a,n/a,n/a,-59.93417190551758,0.2161798911392689,-2438.7139711914065,4.072689649547101e-06,-4.0,n/a,n/a,n/a,n/a,n/a,n/a,n/a,n/a,n/a,n/a,n/a,n/a,n/a,62000,32.704036712646484,n/a,n/a,89.07792520523071,nan,nan,nan,nan,nan,nan,nan,nan,nan,nan,nan,nan,nan,nan,nan,nan,nan,nan,nan,nan,nan,nan,nan,nan
62,63000.0,32.0,3008.272868093425,2000.0,0.0,0.0,1.0,0.0,127.0,1487.3473862804406,16.919857431037823,n/a,26.638779568053153,0.0,n/a,n/a,-5.0,0.0,0.0,0.0,0.0,0.0,0.0,201.69549692984995,776.9571606201354,1216.9681579357436,78.70816702617945,0.0,n/a,0.0,0.0,54.861737035013924,0.0,0.0,1.0,n/a,8.261022854460661,175.72095585212895,3095.863403407632,1.5386953491838504,40.37969534918386,0.0,0.0,0.0,0.04952658712863922,0.7253732681274414,0.16631339490413666,0.4136609137058258,0.8601124882698059,0.5668622851371765,0.9058799147605896,0.8129794597625732,0.561,-60.414612998962404,n/a,n/a,n/a,n/a,n/a,-60.414612998962404,0.22024965319037437,-2443.3948354492186,4.012839121060097e-06,-4.0,n/a,n/a,n/a,n/a,n/a,n/a,n/a,n/a,n/a,n/a,n/a,n/a,n/a,63000,32.863826751708984,n/a,n/a,84.4049620628357,15.779425012793217,0.0,16.26679302229071,412.75,12.0,0.0,0.0,0.0,0.0,-25.5,0.0,0.0,12.0,0.0,0.0,0.0,-7.670680287522925,0.0,231.817831230845,0.0,0.0,-10.000000000000163,0.0,0.0
63,64000.0,33.0,3896.057026511309,2000.0,0.0,0.0,1.0,0.0,137.0,1206.9296606701107,91.08520982314512,n/a,32.48255478527458,0.0,n/a,n/a,-5.0,0.0,0.0,0.0,0.0,0.0,0.0,281.0811398040061,1156.372443113668,1472.795898316805,80.80382063852116,0.0,n/a,0.0,0.0,62.089049649655806,0.0,0.0,2.0,n/a,7.1629703133979135,179.56439318329217,3318.1369448888167,5.322927273163252,41.90192727316323,0.0,0.0,0.0,0.025240791961550713,0.6798080205917358,-0.11283206194639206,0.44380444288253784,0.8518071174621582,0.5669788122177124,0.9423544406890869,0.7582687735557556,0.48425,-60.383475318908694,n/a,n/a,n/a,n/a,n/a,-60.383475318908694,0.22305326163768768,-2448.368958984375,3.9536821113870246e-06,-4.0,n/a,n/a,n/a,n/a,n/a,n/a,n/a,n/a,n/a,n/a,n/a,n/a,n/a,64000,33.02346420288086,n/a,n/a,80.96510243415833,2.010977448851155,0.0,38.58813271117158,475.25,12.0,0.0,0.0,0.0,0.0,0.0,0.0,0.0,12.0,0.0,0.0,0.0,-6.433677616545759,0.0,292.0166876598555,0.0,0.0,-10.000000000000163,0.0,0.0
64,65000.0,33.0,nan,nan,nan,nan,nan,nan,nan,nan,nan,n/a,nan,nan,n/a,n/a,nan,nan,nan,nan,nan,nan,nan,nan,nan,nan,nan,nan,n/a,nan,nan,nan,nan,nan,nan,n/a,nan,nan,nan,nan,nan,nan,nan,nan,nan,nan,nan,nan,nan,nan,nan,nan,nan,-60.38313059997559,n/a,n/a,n/a,n/a,n/a,-60.38313059997559,0.22344205519557,-2456.86140234375,3.894990833941847e-06,-4.0,n/a,n/a,n/a,n/a,n/a,n/a,n/a,n/a,n/a,n/a,n/a,n/a,n/a,65000,33.18379592895508,n/a,n/a,80.28801798820496,nan,nan,nan,nan,nan,nan,nan,nan,nan,nan,nan,nan,nan,nan,nan,nan,nan,nan,nan,nan,nan,nan,nan,nan
65,66000.0,33.0,nan,nan,nan,nan,nan,nan,nan,nan,nan,n/a,nan,nan,n/a,n/a,nan,nan,nan,nan,nan,nan,nan,nan,nan,nan,nan,nan,n/a,nan,nan,nan,nan,nan,nan,n/a,nan,nan,nan,nan,nan,nan,nan,nan,nan,nan,nan,nan,nan,nan,nan,nan,nan,-61.625131729125975,n/a,n/a,n/a,n/a,n/a,-61.625131729125975,0.21426578384637832,-2450.1670385742186,3.837389097952837e-06,-4.0,n/a,n/a,n/a,n/a,n/a,n/a,n/a,n/a,n/a,n/a,n/a,n/a,n/a,66000,33.34377670288086,n/a,n/a,112.91699385643005,nan,nan,nan,nan,nan,nan,nan,nan,nan,nan,nan,nan,nan,nan,nan,nan,nan,nan,nan,nan,nan,nan,nan,nan
66,67000.0,34.0,2445.7975080474566,2000.0,0.0,0.0,1.0,0.0,1.0,1359.2739643933069,133.22505874797872,n/a,1.1560966932518895,0.0,n/a,n/a,0.0,0.0,0.0,0.0,0.0,0.0,0.0,130.049070960304,249.8811489250979,1288.8456150859313,80.20393536696342,0.0,n/a,0.0,0.0,140.09458084176825,0.0,0.0,5.0,n/a,4.165456099826589,170.01613254687487,4563.772699361763,18.946281294937332,10.442718705062639,0.0,0.0,0.0,-0.01093512587249279,0.7884951233863831,0.0032417415641248226,0.845218300819397,0.8320673108100891,0.5598490834236145,0.9804085493087769,0.5088363289833069,0.725,-62.29401921081543,n/a,n/a,n/a,n/a,n/a,-62.29401921081543,0.2149112161397934,-2459.670616699219,3.7804395524290156e-06,-4.0,n/a,n/a,n/a,n/a,n/a,n/a,n/a,n/a,n/a,n/a,n/a,n/a,n/a,67000,33.504032135009766,n/a,n/a,165.6912498474121,-0.6167149131718583,0.0,84.40851254136435,375.75,12.0,0.0,0.0,0.0,0.0,0.0,0.0,0.0,12.0,0.0,0.0,-0.8,-6.956907548908998,0.0,89.7821700948171,0.0,0.0,-10.000000000000163,0.0,0.0
67,68000.0,35.0,3676.096420562658,2000.0,0.0,0.0,1.0,0.0,274.0,1128.8872195775107,104.39325540752166,n/a,73.1813207199858,0.0,n/a,n/a,-5.0,0.0,0.0,0.0,0.0,0.0,0.0,248.12241045444136,931.9466486825613,1342.9587593547942,80.25226961529918,0.0,n/a,0.0,0.0,51.333275807395204,0.0,0.0,1.0,n/a,6.76388100525967,177.3094981440294,3029.5608677380046,2.84143759986036,43.56243759986035,0.0,0.0,0.0,-0.0527937225997448,0.6986536979675293,-0.029151273891329765,0.5018869042396545,0.8670332431793213,0.5906175971031189,0.9229784607887268,0.7922711372375488,0.559,-62.54137229156494,n/a,n/a,n/a,n/a,n/a,-62.54137229156494,0.21258942845463752,-2464.692417480469,3.724259721366252e-06,-4.0,n/a,n/a,n/a,n/a,n/a,n/a,n/a,n/a,n/a,n/a,n/a,n/a,n/a,68000,33.663822174072266,n/a,n/a,126.71283531188965,2.7369318130575686,0.0,94.89955187529587,464.5,12.0,0.0,0.0,0.0,0.0,-1.5,0.0,0.0,12.0,0.0,0.0,-7.199999999999999,-7.5500698241188395,0.0,393.41532206390093,0.0,0.0,-10.000000000000163,0.0,0.0
68,69000.0,35.0,nan,nan,nan,nan,nan,nan,nan,nan,nan,n/a,nan,nan,n/a,n/a,nan,nan,nan,nan,nan,nan,nan,nan,nan,nan,nan,nan,n/a,nan,nan,nan,nan,nan,nan,n/a,nan,nan,nan,nan,nan,nan,nan,nan,nan,nan,nan,nan,nan,nan,nan,nan,nan,-62.134513679504394,n/a,n/a,n/a,n/a,n/a,-62.134513679504394,0.2090177216231823,-2489.622943847656,3.668476614620886e-06,-4.0,n/a,n/a,n/a,n/a,n/a,n/a,n/a,n/a,n/a,n/a,n/a,n/a,n/a,69000,33.82365036010742,n/a,n/a,98.80167603492737,nan,nan,nan,nan,nan,nan,nan,nan,nan,nan,nan,nan,nan,nan,nan,nan,nan,nan,nan,nan,nan,nan,nan,nan
69,70000.0,35.0,nan,nan,nan,nan,nan,nan,nan,nan,nan,n/a,nan,nan,n/a,n/a,nan,nan,nan,nan,nan,nan,nan,nan,nan,nan,nan,nan,n/a,nan,nan,nan,nan,nan,nan,n/a,nan,nan,nan,nan,nan,nan,nan,nan,nan,nan,nan,nan,nan,nan,nan,nan,nan,-62.7641442489624,n/a,n/a,n/a,n/a,n/a,-62.7641442489624,0.20897302836179732,-2500.131101074219,3.6132644941062606e-06,-4.0,n/a,n/a,n/a,n/a,n/a,n/a,n/a,n/a,n/a,n/a,n/a,n/a,n/a,70000,33.98390579223633,n/a,n/a,133.71999287605286,nan,nan,nan,nan,nan,nan,nan,nan,nan,nan,nan,nan,nan,nan,nan,nan,nan,nan,nan,nan,nan,nan,nan,nan
70,71000.0,36.0,2472.125900310701,2000.0,0.0,0.0,1.0,0.0,0.0,855.0722955282722,83.2708093401125,n/a,0.0,0.0,n/a,n/a,0.0,0.0,0.0,0.0,0.0,0.0,0.0,121.35111526569621,146.5258365995881,1488.7019446938866,82.68162701990082,0.0,n/a,0.0,0.0,84.58065080129057,0.0,0.0,1.0,n/a,9.245322291064353,179.1842434746241,3093.425576848256,12.258699371167522,30.36269937116753,0.0,0.0,0.0,0.041937220841646194,0.8694038987159729,0.3354576826095581,0.8919475078582764,0.8045234680175781,0.4543074667453766,0.8994550108909607,0.43703532218933105,0.718,-63.15282019805908,n/a,n/a,n/a,n/a,n/a,-63.15282019805908,0.20996266490221024,-2498.937721191406,3.5591359928730526e-06,-4.0,n/a,n/a,n/a,n/a,n/a,n/a,n/a,n/a,n/a,n/a,n/a,n/a,n/a,71000,34.14369583129883,n/a,n/a,184.47969818115234,3.7648881512877495,0.0,33.753325310150196,468.5,12.0,-1.7999999999999996,0.0,0.0,0.0,0.0,0.0,0.0,0.0,0.0,0.0,0.0,-4.205562307725315,0.0,46.272074776575884,0.0,0.0,-10.000000000000163,0.0,0.0
71,72000.0,37.0,3358.7175601866034,2000.0,0.0,0.0,1.0,0.0,196.0,1442.3689716819886,167.21813617179845,n/a,36.89887059751554,0.0,n/a,n/a,-5.0,0.0,0.0,0.0,0.0,0.0,0.0,225.7799439874287,865.2334069576638,1334.9346809562342,76.0714127369895,0.0,n/a,0.0,0.0,98.03246744728304,0.0,0.0,5.0,n/a,2.466060714632038,175.944700213551,4622.216874069474,1.7551210021939188,43.27112100219394,0.0,0.0,0.0,0.05559173598885536,0.6056551933288574,0.38172823190689087,0.45854511857032776,0.8626350164413452,0.6859322786331177,0.8528051972389221,0.8139306902885437,0.592125,-62.582219093322756,n/a,n/a,n/a,n/a,n/a,-62.582219093322756,0.21307375267148018,-2519.86495703125,3.5057039881394303e-06,-4.0,n/a,n/a,n/a,n/a,n/a,n/a,n/a,n/a,n/a,n/a,n/a,n/a,n/a,72000,34.30344772338867,n/a,n/a,130.94441318511963,-0.07138697688690993,0.0,19.610703980375156,445.25,12.0,0.0,0.0,0.0,0.0,0.0,0.0,0.0,12.0,0.0,0.0,0.0,-4.995012386356819,0.0,252.9724728863173,0.0,0.0,-10.000000000000163,0.0,0.0
72,73000.0,37.0,nan,nan,nan,nan,nan,nan,nan,nan,nan,n/a,nan,nan,n/a,n/a,nan,nan,nan,nan,nan,nan,nan,nan,nan,nan,nan,nan,n/a,nan,nan,nan,nan,nan,nan,n/a,nan,nan,nan,nan,nan,nan,nan,nan,nan,nan,nan,nan,nan,nan,nan,nan,nan,-63.920808265686034,n/a,n/a,n/a,n/a,n/a,-63.920808265686034,0.22109265348315238,-2515.3707255859376,3.4532088234300316e-06,-4.0,n/a,n/a,n/a,n/a,n/a,n/a,n/a,n/a,n/a,n/a,n/a,n/a,n/a,73000,34.46377944946289,n/a,n/a,129.49343419075012,nan,nan,nan,nan,nan,nan,nan,nan,nan,nan,nan,nan,nan,nan,nan,nan,nan,nan,nan,nan,nan,nan,nan,nan
73,74000.0,37.0,nan,nan,nan,nan,nan,nan,nan,nan,nan,n/a,nan,nan,n/a,n/a,nan,nan,nan,nan,nan,nan,nan,nan,nan,nan,nan,nan,n/a,nan,nan,nan,nan,nan,nan,n/a,nan,nan,nan,nan,nan,nan,nan,nan,nan,nan,nan,nan,nan,nan,nan,nan,nan,-65.65851801300049,n/a,n/a,n/a,n/a,n/a,-65.65851801300049,0.2151793312728405,-2499.147576171875,3.401960196242726e-06,-4.0,n/a,n/a,n/a,n/a,n/a,n/a,n/a,n/a,n/a,n/a,n/a,n/a,n/a,74000,34.6236457824707,n/a,n/a,153.32267928123474,nan,nan,nan,nan,nan,nan,nan,nan,nan,nan,nan,nan,nan,nan,nan,nan,nan,nan,nan,nan,nan,nan,nan,nan
74,75000.0,38.0,1929.1226806559098,2000.0,0.0,0.0,1.0,0.0,13.0,1774.412849730135,324.09036342960496,n/a,5.715746337281656,0.0,n/a,n/a,0.0,0.0,0.0,0.0,0.0,0.0,0.0,62.86714724040275,118.53650814341606,1094.8603694656108,83.37022206680408,0.0,n/a,0.0,0.0,90.64715532925436,0.0,0.0,4.0,n/a,1.3356512492613044,179.2960476163186,4303.614323213387,0.20839401587776843,36.422394015877764,0.0,0.0,0.0,0.0038241774309426546,0.6248188614845276,-0.2019447684288025,0.45972034335136414,0.8693816661834717,0.7069253921508789,0.9364911913871765,0.8372997045516968,0.685375,-66.64039730072021,n/a,n/a,n/a,n/a,n/a,-66.64039730072021,0.21216494515538215,-2491.086470703125,3.3517340152684483e-06,-4.0,n/a,n/a,n/a,n/a,n/a,n/a,n/a,n/a,n/a,n/a,n/a,n/a,n/a,75000,34.7838249206543,n/a,n/a,143.6982705593109,0.2449697017310875,0.0,8.125155951352804,430.5,12.0,0.0,0.0,0.0,0.0,0.0,0.0,0.0,12.0,0.0,0.0,0.0,-2.424477931936755,0.0,22.679884351964613,0.0,0.0,-10.000000000000163,0.0,0.0
75,76000.0,39.0,4076.193231896648,2000.0,0.0,0.0,1.0,0.0,370.0,1233.5485965417051,38.7980159945641,n/a,157.04950966290704,0.0,n/a,n/a,-5.0,0.0,0.0,0.0,0.0,0.0,0.0,251.75108969217493,1069.0325037507557,1463.6307097265028,80.06993008541563,0.0,n/a,0.0,0.0,95.71420502102829,0.0,0.0,4.0,n/a,1.8401368298717034,178.84555264316097,4706.470065846868,2.556614754302964,38.59461475430296,0.0,0.0,0.0,0.07106178253889084,0.6489798426628113,-0.04815461486577988,0.415218323469162,0.8722330927848816,0.6411402821540833,0.886579155921936,0.843571126461029,0.559375,-66.63892362213134,n/a,n/a,n/a,n/a,n/a,-66.63892362213134,0.21131155121326448,-2489.7978310546873,3.302310256913188e-06,-4.0,n/a,n/a,n/a,n/a,n/a,n/a,n/a,n/a,n/a,n/a,n/a,n/a,n/a,76000,34.9436149597168,n/a,n/a,187.5290834903717,8.222726662681966,0.0,98.15180575250619,474.25,12.0,0.0,0.0,0.0,0.0,0.0,0.0,0.0,12.0,0.0,0.0,-2.4000000000000004,-4.9952817007018915,0.0,376.7160332433344,0.0,0.0,-10.000000000000163,0.0,0.0
76,77000.0,39.0,nan,nan,nan,nan,nan,nan,nan,nan,nan,n/a,nan,nan,n/a,n/a,nan,nan,nan,nan,nan,nan,nan,nan,nan,nan,nan,nan,n/a,nan,nan,nan,nan,nan,nan,n/a,nan,nan,nan,nan,nan,nan,nan,nan,nan,nan,nan,nan,nan,nan,nan,nan,nan,-66.08829543304444,n/a,n/a,n/a,n/a,n/a,-66.08829543304444,0.21294010415673256,-2496.854404296875,3.2534917068005597e-06,-4.0,n/a,n/a,n/a,n/a,n/a,n/a,n/a,n/a,n/a,n/a,n/a,n/a,n/a,77000,35.10344314575195,n/a,n/a,153.09155440330505,nan,nan,nan,nan,nan,nan,nan,nan,nan,nan,nan,nan,nan,nan,nan,nan,nan,nan,nan,nan,nan,nan,nan,nan
77,78000.0,39.0,nan,nan,nan,nan,nan,nan,nan,nan,nan,n/a,nan,nan,n/a,n/a,nan,nan,nan,nan,nan,nan,nan,nan,nan,nan,nan,nan,n/a,nan,nan,nan,nan,nan,nan,n/a,nan,nan,nan,nan,nan,nan,nan,nan,nan,nan,nan,nan,nan,nan,nan,nan,nan,-66.3711308517456,n/a,n/a,n/a,n/a,n/a,-66.3711308517456,0.21316688254475594,-2506.171302734375,3.2051049424808296e-06,-4.0,n/a,n/a,n/a,n/a,n/a,n/a,n/a,n/a,n/a,n/a,n/a,n/a,n/a,78000,35.263736724853516,n/a,n/a,182.49122500419617,nan,nan,nan,nan,nan,nan,nan,nan,nan,nan,nan,nan,nan,nan,nan,nan,nan,nan,nan,nan,nan,nan,nan,nan
78,79000.0,40.0,2375.8464189710944,2000.0,0.0,0.0,1.0,0.0,3.0,1373.0944833933743,133.19674178811147,n/a,15.612241676997941,0.0,n/a,n/a,0.0,0.0,0.0,0.0,0.0,0.0,0.0,99.07612325664766,149.36917708082913,1421.2834409335371,54.783554729556904,0.0,n/a,0.0,0.0,100.93876900617477,0.0,0.0,5.0,n/a,0.4819163895714271,175.99451352054135,4690.968774587918,36.617340294937684,46.707659705062305,0.0,0.0,0.0,-0.008547136560082436,0.6797695159912109,0.16115938127040863,0.786969780921936,0.824923038482666,0.699133038520813,0.9570720195770264,0.6093629598617554,0.73425,-66.3542692489624,n/a,n/a,n/a,n/a,n/a,-66.3542692489624,0.2123032188117504,-2503.0038056640624,3.1574573681609763e-06,-4.0,n/a,n/a,n/a,n/a,n/a,n/a,n/a,n/a,n/a,n/a,n/a,n/a,n/a,79000,35.423526763916016,n/a,n/a,168.78531646728516,-2.831072830130549,0.0,30.942157072560455,464.75,12.0,0.0,0.0,0.0,0.0,0.0,0.0,0.0,12.0,0.0,0.0,-1.6,-4.523252591167776,0.0,34.04528063605018,0.0,0.0,-10.000000000000163,0.0,0.0
79,80000.0,41.0,2171.653813223153,2000.0,0.0,0.0,1.0,0.0,21.0,1279.567019168379,25.62745346904911,n/a,14.591011491034376,0.0,n/a,n/a,-5.0,0.0,0.0,0.0,0.0,0.0,0.0,98.68642983283658,162.77982650976057,1255.1773277010038,77.95523282488357,0.0,n/a,0.0,0.0,57.288844316589916,0.0,0.0,0.0,n/a,10.185502121178235,177.92047895529157,3150.593303525545,2.733371763698285,30.79262823630173,0.0,0.0,0.0,-0.05372815951704979,0.5699800848960876,-0.10256524384021759,0.7035732865333557,0.8470478653907776,0.7749298214912415,0.9616360068321228,0.6809137463569641,0.72575,-66.94087660217285,n/a,n/a,n/a,n/a,n/a,-66.94087660217285,0.21560570949316024,-2490.700681152344,3.1108146681617653e-06,-4.0,n/a,n/a,n/a,n/a,n/a,n/a,n/a,n/a,n/a,n/a,n/a,n/a,n/a,80000,35.5832405090332,n/a,n/a,85.95073628425598,8.125085027133533,0.0,14.41068341586583,449.0,12.0,-1.4999999999999998,0.0,0.0,0.0,0.0,0.0,0.0,12.0,0.0,0.0,-2.4000000000000004,-4.780340275222179,0.0,33.31971237923591,0.0,0.0,-10.000000000000163,0.0,0.0
80,81000.0,41.0,nan,nan,nan,nan,nan,nan,nan,nan,nan,n/a,nan,nan,n/a,n/a,nan,nan,nan,nan,nan,nan,nan,nan,nan,nan,nan,nan,n/a,nan,nan,nan,nan,nan,nan,n/a,nan,nan,nan,nan,nan,nan,nan,nan,nan,nan,nan,nan,nan,nan,nan,nan,nan,-66.94796781158448,n/a,n/a,n/a,n/a,n/a,-66.94796781158448,0.21458474439382552,-2489.7440166015626,3.0648407810076604e-06,-4.0,n/a,n/a,n/a,n/a,n/a,n/a,n/a,n/a,n/a,n/a,n/a,n/a,n/a,81000,35.74357223510742,n/a,n/a,89.69941473007202,nan,nan,nan,nan,nan,nan,nan,nan,nan,nan,nan,nan,nan,nan,nan,nan,nan,nan,nan,nan,nan,nan,nan,nan
81,82000.0,41.0,nan,nan,nan,nan,nan,nan,nan,nan,nan,n/a,nan,nan,n/a,n/a,nan,nan,nan,nan,nan,nan,nan,nan,nan,nan,nan,nan,n/a,nan,nan,nan,nan,nan,nan,n/a,nan,nan,nan,nan,nan,nan,nan,nan,nan,nan,nan,nan,nan,nan,nan,nan,nan,-68.37380733489991,n/a,n/a,n/a,n/a,n/a,-68.37380733489991,0.21075546357035638,-2478.018728027344,3.0196758102647437e-06,-4.0,n/a,n/a,n/a,n/a,n/a,n/a,n/a,n/a,n/a,n/a,n/a,n/a,n/a,82000,35.90347671508789,n/a,n/a,159.89096999168396,nan,nan,nan,nan,nan,nan,nan,nan,nan,nan,nan,nan,nan,nan,nan,nan,nan,nan,nan,nan,nan,nan,nan,nan
82,83000.0,42.0,3283.7685116488965,2000.0,0.0,0.0,1.0,0.0,305.0,1509.0324575596314,163.8413988303512,n/a,64.85675964267661,0.0,n/a,n/a,0.0,0.0,0.0,0.0,0.0,0.0,0.0,188.23986059237328,689.8544920936624,1423.9203121670955,81.97503306329499,0.0,n/a,0.0,0.0,97.67839895050518,0.0,0.0,4.0,n/a,3.378304514774702,175.87568636170968,4528.039341486383,3.41645737136943,39.14345737136942,0.0,0.0,0.0,0.052787940949201584,0.5640586018562317,0.03241564333438873,0.4381439983844757,0.8805046081542969,0.7372663021087646,0.923260509967804,0.8560284376144409,0.63125,-68.02985411071778,n/a,n/a,n/a,n/a,n/a,-68.02985411071778,0.21130807268619536,-2486.170458496094,2.975066351154965e-06,-4.0,n/a,n/a,n/a,n/a,n/a,n/a,n/a,n/a,n/a,n/a,n/a,n/a,n/a,83000,36.0637321472168,n/a,n/a,142.27713298797607,-0.00272889143299602,0.0,18.762472105116167,458.25,12.0,0.0,0.0,0.0,0.0,0.0,0.0,0.0,12.0,0.0,0.0,0.0,-1.5797075200015003,0.0,247.81361944556113,0.0,0.0,-10.000000000000163,0.0,0.0
83,84000.0,43.0,2272.394304445575,2000.0,0.0,0.0,1.0,0.0,46.0,1001.322251153022,86.33671808073882,n/a,105.26923204960548,0.0,n/a,n/a,0.0,0.0,0.0,0.0,0.0,0.0,0.0,128.01858075625802,190.34046917294083,1160.1404003185876,81.38257180379924,0.0,n/a,0.0,0.0,90.68565543713694,0.0,0.0,0.0,n/a,1.9086506707996296,179.51509420933854,3140.131130170622,15.46780604699079,23.85080604699078,0.0,0.0,0.0,-0.08489768952131271,0.8559818863868713,-0.683247447013855,0.7115363478660583,0.8414339423179626,0.4418640732765198,0.715417206287384,0.6851098537445068,0.734,-68.41131846618653,n/a,n/a,n/a,n/a,n/a,-68.41131846618653,0.2127924304008484,-2489.2729892578127,2.930993965037487e-06,-4.0,n/a,n/a,n/a,n/a,n/a,n/a,n/a,n/a,n/a,n/a,n/a,n/a,n/a,84000,36.2235221862793,n/a,n/a,132.65057945251465,-0.4447875324528765,0.0,46.86949359701707,413.25,12.0,-3.7499999999999987,0.0,0.0,0.0,-13.5,0.0,0.0,12.0,0.0,0.0,-0.8,-4.355945634106318,0.0,65.288634476756,0.0,0.0,-10.000000000000163,0.0,0.0
84,85000.0,43.0,nan,nan,nan,nan,nan,nan,nan,nan,nan,n/a,nan,nan,n/a,n/a,nan,nan,nan,nan,nan,nan,nan,nan,nan,nan,nan,nan,n/a,nan,nan,nan,nan,nan,nan,n/a,nan,nan,nan,nan,nan,nan,nan,nan,nan,nan,nan,nan,nan,nan,nan,nan,nan,-69.06825230407715,n/a,n/a,n/a,n/a,n/a,-69.06825230407715,0.21259400668740272,-2473.610454589844,2.8875971902380115e-06,-4.0,n/a,n/a,n/a,n/a,n/a,n/a,n/a,n/a,n/a,n/a,n/a,n/a,n/a,85000,36.38335037231445,n/a,n/a,115.80681562423706,nan,nan,nan,nan,nan,nan,nan,nan,nan,nan,nan,nan,nan,nan,nan,nan,nan,nan,nan,nan,nan,nan,nan,nan
85,86000.0,43.0,nan,nan,nan,nan,nan,nan,nan,nan,nan,n/a,nan,nan,n/a,n/a,nan,nan,nan,nan,nan,nan,nan,nan,nan,nan,nan,nan,n/a,nan,nan,nan,nan,nan,nan,n/a,nan,nan,nan,nan,nan,nan,nan,nan,nan,nan,nan,nan,nan,nan,nan,nan,nan,-70.27418563079834,n/a,n/a,n/a,n/a,n/a,-70.27418563079834,0.2083910342156887,-2452.6330849609376,2.845106861968816e-06,-4.0,n/a,n/a,n/a,n/a,n/a,n/a,n/a,n/a,n/a,n/a,n/a,n/a,n/a,86000,36.54341506958008,n/a,n/a,107.00329852104187,nan,nan,nan,nan,nan,nan,nan,nan,nan,nan,nan,nan,nan,nan,nan,nan,nan,nan,nan,nan,nan,nan,nan,nan
86,87000.0,44.0,3695.9559598355577,2000.0,0.0,0.0,1.0,0.0,208.0,1339.7426882941193,227.95382375892063,n/a,99.45552759659083,-70.29620102400004,n/a,n/a,0.0,0.0,0.0,0.0,0.0,0.0,0.0,227.71905010695656,881.3593263897185,1470.003964920848,76.13415706672868,0.0,n/a,0.0,0.0,49.16232170353469,0.0,124.0,2.0,n/a,4.616047218479078,171.6871941890806,2992.262731744715,3.9705450316050364,42.85454503160504,0.0,0.0,0.0,0.05374642461538315,0.6412112712860107,0.004789837170392275,0.5075111985206604,0.8874833583831787,0.6668545603752136,0.9134024977684021,0.7876031994819641,0.588125,-70.31623014068603,n/a,n/a,n/a,n/a,n/a,-70.31623014068603,0.21010729944705964,-2455.873966308594,2.803244176448061e-06,-4.0,n/a,n/a,n/a,n/a,n/a,n/a,n/a,n/a,n/a,n/a,n/a,n/a,n/a,87000,36.70328140258789,n/a,n/a,135.3158917427063,-0.11514245740777715,0.0,106.46083869870532,486.25,12.0,0.0,0.0,0.0,0.0,0.0,0.0,0.0,12.0,0.0,0.0,0.0,-1.2722216469258016,0.0,357.09433848075815,0.0,0.0,-10.000000000000163,0.0,0.0
87,88000.0,45.0,2312.1831129979682,2000.0,0.0,0.0,1.0,0.0,0.0,1208.9794910647602,56.25768609170924,n/a,0.0,0.0,n/a,n/a,-5.0,0.0,0.0,0.0,0.0,0.0,0.0,93.61716021462946,135.26047522737812,1452.4884034804331,57.69623456244604,0.0,n/a,0.0,0.0,68.89442472017927,0.0,0.0,0.0,n/a,4.209621730598854,172.07763204755915,3266.8212397039665,18.885686246565893,58.30131375343408,0.0,0.0,0.0,-0.03047228418290615,0.705503523349762,-0.053689323365688324,0.7588220238685608,0.8061888217926025,0.6685952544212341,0.9276920557022095,0.6447086930274963,0.69825,-70.46988623809814,n/a,n/a,n/a,n/a,n/a,-70.46988623809814,0.20699156576395034,-2442.8356259765624,2.7619494476311955e-06,-4.0,n/a,n/a,n/a,n/a,n/a,n/a,n/a,n/a,n/a,n/a,n/a,n/a,n/a,88000,39.36298751831055,n/a,n/a,168.35946130752563,4.882580659926295,0.0,17.85251564551706,477.0,12.0,0.0,0.0,0.0,0.0,0.0,0.0,0.0,0.0,0.0,0.0,-2.4000000000000004,-7.529559654388907,0.0,17.420878141798386,0.0,0.0,-10.000000000000163,0.0,0.0
88,89000.0,45.0,nan,nan,nan,nan,nan,nan,nan,nan,nan,n/a,nan,nan,n/a,n/a,nan,nan,nan,nan,nan,nan,nan,nan,nan,nan,nan,nan,n/a,nan,nan,nan,nan,nan,nan,n/a,nan,nan,nan,nan,nan,nan,nan,nan,nan,nan,nan,nan,nan,nan,nan,nan,nan,-70.40166844177246,n/a,n/a,n/a,n/a,n/a,-70.40166844177246,0.20570197328925133,-2452.20317578125,2.7212031513954572e-06,-4.0,n/a,n/a,n/a,n/a,n/a,n/a,n/a,n/a,n/a,n/a,n/a,n/a,n/a,89000,39.52335739135742,n/a,n/a,143.71864128112793,nan,nan,nan,nan,nan,nan,nan,nan,nan,nan,nan,nan,nan,nan,nan,nan,nan,nan,nan,nan,nan,nan,nan,nan
89,90000.0,45.0,nan,nan,nan,nan,nan,nan,nan,nan,nan,n/a,nan,nan,n/a,n/a,nan,nan,nan,nan,nan,nan,nan,nan,nan,nan,nan,nan,n/a,nan,nan,nan,nan,nan,nan,n/a,nan,nan,nan,nan,nan,nan,nan,nan,nan,nan,nan,nan,nan,nan,nan,nan,nan,-70.76337977600097,n/a,n/a,n/a,n/a,n/a,-70.76337977600097,0.20532345253229142,-2447.7560239257814,2.6810041581484255e-06,-4.0,n/a,n/a,n/a,n/a,n/a,n/a,n/a,n/a,n/a,n/a,n/a,n/a,n/a,90000,39.683109283447266,n/a,n/a,104.27697324752808,nan,nan,nan,nan,nan,nan,nan,nan,nan,nan,nan,nan,nan,nan,nan,nan,nan,nan,nan,nan,nan,nan,nan,nan
90,91000.0,46.0,4270.290150930985,2000.0,0.0,0.0,1.0,0.0,204.0,1033.6147883258125,46.2263606636017,n/a,56.62391109007397,0.0,n/a,n/a,0.0,0.0,0.0,0.0,0.0,0.0,0.0,307.7340066521187,1270.1418617318955,1518.2038192556247,75.7628592016351,0.0,n/a,0.0,0.0,47.48512097493392,0.0,0.0,1.0,n/a,0.01001921344752484,178.9785061305659,3047.8112697931842,2.0138753426009646,43.393875342600985,0.0,0.0,0.0,0.006734689697623253,0.6980698704719543,0.08818940818309784,0.4672333300113678,0.8569962978363037,0.5446995496749878,0.8294647932052612,0.7843814492225647,0.415,-71.0850896987915,n/a,n/a,n/a,n/a,n/a,-71.0850896987915,0.20747699490189553,-2450.2473486328126,2.6413609580231425e-06,-4.0,n/a,n/a,n/a,n/a,n/a,n/a,n/a,n/a,n/a,n/a,n/a,n/a,n/a,91000,39.843441009521484,n/a,n/a,148.60278797149658,4.888739578912455,0.0,109.04162182921898,484.5,12.0,0.0,0.0,0.0,0.0,0.0,0.0,0.0,12.0,0.0,0.0,0.0,-2.0507583175524897,0.0,383.9589689340553,0.0,0.0,-10.000000000000163,0.0,0.0
91,92000.0,47.0,2375.7502235607644,2000.0,0.0,0.0,1.0,0.0,184.0,1486.278321393206,176.78082383389784,n/a,42.885636261749916,0.0,n/a,n/a,0.0,0.0,0.0,0.0,0.0,0.0,0.0,149.90081541628683,584.7814025930767,855.5150058390926,79.83854035094507,0.0,n/a,0.0,0.0,100.13067249031317,0.0,0.0,5.0,n/a,1.0636349393409759,177.48707124496013,4472.5086565320435,3.1554898586725892,42.852489858672605,0.0,0.0,0.0,0.06044912710785866,0.6733648777008057,0.2859598994255066,0.4934941828250885,0.8630362153053284,0.6568597555160522,0.9044367074966431,0.8368094563484192,0.67525,-71.14659253692626,n/a,n/a,n/a,n/a,n/a,-71.14659253692626,0.20820717594027519,-2446.0145771484376,2.60229221339614e-06,-4.0,n/a,n/a,n/a,n/a,n/a,n/a,n/a,n/a,n/a,n/a,n/a,n/a,n/a,92000,40.00319290161133,n/a,n/a,138.59713172912598,0.584289954190222,0.0,29.398545191033836,356.75,12.0,-4.35,0.0,0.0,0.0,-54.0,0.0,0.0,12.0,0.0,0.0,0.0,-4.254579474306613,0.0,224.56989493836875,0.0,0.0,-10.000000000000163,0.0,0.0
92,93000.0,47.0,nan,nan,nan,nan,nan,nan,nan,nan,nan,n/a,nan,nan,n/a,n/a,nan,nan,nan,nan,nan,nan,nan,nan,nan,nan,nan,nan,n/a,nan,nan,nan,nan,nan,nan,n/a,nan,nan,nan,nan,nan,nan,nan,nan,nan,nan,nan,nan,nan,nan,nan,nan,nan,-70.42425956726075,n/a,n/a,n/a,n/a,n/a,-70.42425956726075,0.21008722022175788,-2460.496240234375,2.56368227837811e-06,-4.0,n/a,n/a,n/a,n/a,n/a,n/a,n/a,n/a,n/a,n/a,n/a,n/a,n/a,93000,40.16305923461914,n/a,n/a,101.54022526741028,nan,nan,nan,nan,nan,nan,nan,nan,nan,nan,nan,nan,nan,nan,nan,nan,nan,nan,nan,nan,nan,nan,nan,nan
93,94000.0,47.0,nan,nan,nan,nan,nan,nan,nan,nan,nan,n/a,nan,nan,n/a,n/a,nan,nan,nan,nan,nan,nan,nan,nan,nan,nan,nan,nan,n/a,nan,nan,nan,nan,nan,nan,n/a,nan,nan,nan,nan,nan,nan,nan,nan,nan,nan,nan,nan,nan,nan,nan,nan,nan,-70.42742527008056,n/a,n/a,n/a,n/a,n/a,-70.42742527008056,0.21127236515283584,-2468.0028637695314,2.5254976294490918e-06,-4.0,n/a,n/a,n/a,n/a,n/a,n/a,n/a,n/a,n/a,n/a,n/a,n/a,n/a,94000,40.32327651977539,n/a,n/a,91.448068857193,nan,nan,nan,nan,nan,nan,nan,nan,nan,nan,nan,nan,nan,nan,nan,nan,nan,nan,nan,nan,nan,nan,nan,nan
94,95000.0,48.0,2635.601467213667,2000.0,0.0,0.0,1.0,0.0,41.0,1087.5106077712169,184.98649184902504,n/a,49.01839906870065,0.0,n/a,n/a,0.0,0.0,0.0,0.0,0.0,0.0,0.0,111.02306724822728,247.34810371056184,1451.6230104540311,67.95381902804289,0.0,n/a,0.0,0.0,112.4327936018606,0.0,0.0,4.0,n/a,6.44617562034083,179.03721784996543,4669.81393753922,25.630642270884806,32.47535772911521,0.0,0.0,0.0,0.07166758924722672,0.9071186780929565,-0.1301020085811615,0.9032999873161316,0.8124876618385315,0.39281150698661804,0.896105170249939,0.4231308400630951,0.709,-67.45239881134033,n/a,n/a,n/a,n/a,n/a,-67.45239881134033,0.21605304819345475,-2502.8723955078126,2.4875408930711274e-06,-4.0,n/a,n/a,n/a,n/a,n/a,n/a,n/a,n/a,n/a,n/a,n/a,n/a,n/a,95000,40.4831428527832,n/a,n/a,99.01067662239075,-2.7890537255301786,0.0,52.798808020822285,467.25,12.0,0.0,0.0,0.0,0.0,0.0,0.0,0.0,12.0,0.0,0.0,-4.0,-5.147564655305444,0.0,74.09008446220425,0.0,0.0,-10.000000000000163,0.0,0.0
95,96000.0,49.0,640.1082358476634,2000.0,0.0,0.0,1.0,0.0,0.0,1415.4231390175962,270.02351209732285,n/a,-20.084628416833127,0.0,n/a,n/a,0.0,0.0,0.0,0.0,0.0,0.0,0.0,36.81934490568392,44.090384759468705,375.4868781705351,77.56479197769073,0.0,n/a,0.0,0.0,46.9731699786443,0.0,0.0,3.0,n/a,11.56411127038097,177.9223826695995,2822.038615967928,38.43757030909627,12.263570309096291,0.0,0.0,0.0,-0.09379161894321442,0.7336294054985046,-0.36532437801361084,0.36785393953323364,0.8622608780860901,0.6501680016517639,0.9203310012817383,0.9125732183456421,0.806,-67.37035375976562,n/a,n/a,n/a,n/a,n/a,-67.37035375976562,0.22241843247413634,-2492.2820083007814,2.450180542837188e-06,-4.0,n/a,n/a,n/a,n/a,n/a,n/a,n/a,n/a,n/a,n/a,n/a,n/a,n/a,96000,40.64278030395508,n/a,n/a,154.080557346344,-3.376973455975572,0.0,9.897554002920733,170.25,12.0,-6.300000000000004,0.0,0.0,0.0,-57.0,0.0,0.0,0.0,0.0,-26.7795045557775,-7.999999999999999,-14.119496336985172,0.0,12.68671481829563,0.0,0.0,-10.000000000000163,0.0,0.0
96,97000.0,49.0,nan,nan,nan,nan,nan,nan,nan,nan,nan,n/a,nan,nan,n/a,n/a,nan,nan,nan,nan,nan,nan,nan,nan,nan,nan,nan,nan,n/a,nan,nan,nan,nan,nan,nan,n/a,nan,nan,nan,nan,nan,nan,nan,nan,nan,nan,nan,nan,nan,nan,nan,nan,nan,-68.54581754302978,n/a,n/a,n/a,n/a,n/a,-68.54581754302978,0.2193874394595623,-2480.7224311523437,2.413760678336985e-06,-4.0,n/a,n/a,n/a,n/a,n/a,n/a,n/a,n/a,n/a,n/a,n/a,n/a,n/a,97000,40.80315017700195,n/a,n/a,144.65448212623596,nan,nan,nan,nan,nan,nan,nan,nan,nan,nan,nan,nan,nan,nan,nan,nan,nan,nan,nan,nan,nan,nan,nan,nan
97,98000.0,49.0,nan,nan,nan,nan,nan,nan,nan,nan,nan,n/a,nan,nan,n/a,n/a,nan,nan,nan,nan,nan,nan,nan,nan,nan,nan,nan,nan,n/a,nan,nan,nan,nan,nan,nan,n/a,nan,nan,nan,nan,nan,nan,nan,nan,nan,nan,nan,nan,nan,nan,nan,nan,nan,-70.0756455001831,n/a,n/a,n/a,n/a,n/a,-70.0756455001831,0.21650351583957672,-2476.4900927734375,2.378145652983221e-06,-4.0,n/a,n/a,n/a,n/a,n/a,n/a,n/a,n/a,n/a,n/a,n/a,n/a,n/a,98000,40.9629020690918,n/a,n/a,161.5300817489624,nan,nan,nan,nan,nan,nan,nan,nan,nan,nan,nan,nan,nan,nan,nan,nan,nan,nan,nan,nan,nan,nan,nan,nan
98,99000.0,50.0,3645.828228409383,2000.0,0.0,0.0,1.0,0.0,142.0,1389.465912736381,132.3236316855853,n/a,43.049362600679586,0.0,n/a,n/a,-5.0,0.0,0.0,0.0,0.0,0.0,0.0,235.73374351530816,1010.2684587304993,1417.884795275912,77.54699430148334,0.0,n/a,0.0,0.0,84.49117170512949,0.0,0.0,5.0,n/a,0.08961508284559734,177.146080283014,4268.394876506465,1.711538629079847,47.64853862907984,0.0,0.0,0.0,0.02424367144703865,0.6388271450996399,0.1746252179145813,0.46452030539512634,0.8828140497207642,0.6496710777282715,0.8512002229690552,0.7998635172843933,0.520375,-70.54727528381348,n/a,n/a,n/a,n/a,n/a,-70.54727528381348,0.21389214596152306,-2473.307875,2.343010469303408e-06,-4.0,n/a,n/a,n/a,n/a,n/a,n/a,n/a,n/a,n/a,n/a,n/a,n/a,n/a,99000,41.123348236083984,n/a,n/a,166.3875150680542,0.5074087349158701,0.0,49.848557437809184,460.75,12.0,0.0,0.0,0.0,0.0,0.0,0.0,0.0,12.0,0.0,0.0,-2.4000000000000004,-4.555375020869637,0.0,263.7031111284751,0.0,0.0,-10.000000000000163,0.0,0.0
99,100000.0,51.0,4223.204198541038,2000.0,0.0,0.0,1.0,0.0,324.0,1231.0384768348347,102.19033449070537,n/a,161.67442849112615,0.0,n/a,n/a,-5.0,0.0,0.0,0.0,0.0,0.0,0.0,286.0271631007372,1267.1689874575823,1480.6538593372597,76.82530843981165,0.0,n/a,0.0,0.0,48.08523087293419,0.0,0.0,2.0,n/a,4.846494000886259,178.39363826429081,3042.7243855219663,5.182216584194908,46.83021658419495,0.0,0.0,0.0,0.048033177852630615,0.6285581588745117,0.18378686904907227,0.4386194944381714,0.8701467514038086,0.6291775107383728,0.8006779551506042,0.8299746513366699,0.47975,-70.84836315155029,n/a,n/a,n/a,n/a,n/a,-70.84836315155029,0.2101337367594242,-2486.6501147460935,2.308263644408726e-06,-4.0,n/a,n/a,n/a,n/a,n/a,n/a,n/a,n/a,n/a,n/a,n/a,n/a,n/a,100000,41.28310012817383,n/a,n/a,202.73418068885803,3.409945968522545,0.0,73.19046883556149,481.25,12.0,0.0,0.0,0.0,0.0,0.0,0.0,0.0,12.0,0.0,-9.31902000320687,-12.800000000000002,-10.638840644651284,0.0,368.67666668530796,0.0,0.0,-10.000000000000163,0.0,0.0
100,101000.0,51.0,nan,nan,nan,nan,nan,nan,nan,nan,nan,n/a,nan,nan,n/a,n/a,nan,nan,nan,nan,nan,nan,nan,nan,nan,nan,nan,nan,n/a,nan,nan,nan,nan,nan,nan,n/a,nan,nan,nan,nan,nan,nan,nan,nan,nan,nan,nan,nan,nan,nan,nan,nan,nan,-70.93679679870606,n/a,n/a,n/a,n/a,n/a,-70.93679679870606,0.20997773146629334,-2500.8445405273437,2.2738350116924268e-06,-4.0,n/a,n/a,n/a,n/a,n/a,n/a,n/a,n/a,n/a,n/a,n/a,n/a,n/a,101000,41.44296646118164,n/a,n/a,169.12893533706665,nan,nan,nan,nan,nan,nan,nan,nan,nan,nan,nan,nan,nan,nan,nan,nan,nan,nan,nan,nan,nan,nan,nan,nan
101,102000.0,51.0,nan,nan,nan,nan,nan,nan,nan,nan,nan,n/a,nan,nan,n/a,n/a,nan,nan,nan,nan,nan,nan,nan,nan,nan,nan,nan,nan,n/a,nan,nan,nan,nan,nan,nan,n/a,nan,nan,nan,nan,nan,nan,nan,nan,nan,nan,nan,nan,nan,nan,nan,nan,nan,-71.60729601287842,n/a,n/a,n/a,n/a,n/a,-71.60729601287842,0.20705148205161095,-2495.4734936523437,2.240004183931887e-06,-4.0,n/a,n/a,n/a,n/a,n/a,n/a,n/a,n/a,n/a,n/a,n/a,n/a,n/a,102000,41.603145599365234,n/a,n/a,144.61127424240112,nan,nan,nan,nan,nan,nan,nan,nan,nan,nan,nan,nan,nan,nan,nan,nan,nan,nan,nan,nan,nan,nan,nan,nan
102,103000.0,52.0,2524.404814726143,2000.0,0.0,0.0,1.0,0.0,19.0,869.5299936929146,102.21183508662838,n/a,49.15137324219849,0.0,n/a,n/a,0.0,0.0,0.0,0.0,0.0,0.0,0.0,123.18681114509894,159.09245202062186,1423.6991105972972,78.00662526204653,0.0,n/a,0.0,0.0,129.12947417907841,0.0,0.0,5.0,n/a,4.084705952963848,171.01170335790673,4355.255783933967,18.778133922925452,26.577133922925448,0.0,0.0,0.0,-0.2440510392189026,0.8691472411155701,-0.9116633534431458,0.836462140083313,0.8147048354148865,0.40174055099487305,0.39996954798698425,0.5048919916152954,0.703125,-70.86871007537842,n/a,n/a,n/a,n/a,n/a,-70.86871007537842,0.20648613265156746,-2505.917238769531,2.2066708288548397e-06,-4.0,n/a,n/a,n/a,n/a,n/a,n/a,n/a,n/a,n/a,n/a,n/a,n/a,n/a,103000,41.76301193237305,n/a,n/a,180.97901964187622,-1.7210360817117887,0.0,31.575961010695686,479.5,12.0,0.0,0.0,0.0,0.0,0.0,0.0,0.0,12.0,0.0,0.0,0.0,-0.5768439618713249,0.0,39.36088731264402,0.0,0.0,-10.000000000000163,0.0,0.0
103,104000.0,53.0,2358.5185546490375,2000.0,0.0,0.0,1.0,0.0,0.0,1202.0479845942339,143.77781312745122,n/a,0.0,0.0,n/a,n/a,0.0,0.0,0.0,0.0,0.0,0.0,0.0,88.19231642660084,144.86690558553795,1487.796425057181,52.708904436778845,0.0,n/a,0.0,0.0,49.17511968984961,0.0,0.0,1.0,n/a,0.5564128163736061,178.49286226066752,2878.848209090017,32.743943097752435,49.99305690224755,0.0,0.0,0.0,-0.06113077700138092,0.6910894513130188,-0.25550711154937744,0.7388489842414856,0.8136535286903381,0.6688157916069031,0.9541690945625305,0.6678144931793213,0.745125,-71.0128676147461,n/a,n/a,n/a,n/a,n/a,-71.0128676147461,0.2031433125436306,-2509.7853227539063,2.1737728570769834e-06,-4.0,n/a,n/a,n/a,n/a,n/a,n/a,n/a,n/a,n/a,n/a,n/a,n/a,n/a,104000,41.922725677490234,n/a,n/a,133.67857456207275,-3.8347761555512503,0.0,33.45096685249602,482.0,12.0,0.0,0.0,0.0,0.0,0.0,0.0,0.0,0.0,0.0,0.0,-5.6,-6.117840215246487,0.0,33.880532971343605,0.0,0.0,-10.000000000000163,0.0,0.0
104,105000.0,53.0,nan,nan,nan,nan,nan,nan,nan,nan,nan,n/a,nan,nan,n/a,n/a,nan,nan,nan,nan,nan,nan,nan,nan,nan,nan,nan,nan,n/a,nan,nan,nan,nan,nan,nan,n/a,nan,nan,nan,nan,nan,nan,nan,nan,nan,nan,nan,nan,nan,nan,nan,nan,nan,-70.48844487762452,n/a,n/a,n/a,n/a,n/a,-70.48844487762452,0.2060862378180027,-2517.2791708984373,2.1413603367363974e-06,-4.0,n/a,n/a,n/a,n/a,n/a,n/a,n/a,n/a,n/a,n/a,n/a,n/a,n/a,105000,42.08309555053711,n/a,n/a,104.47630143165588,nan,nan,nan,nan,nan,nan,nan,nan,nan,nan,nan,nan,nan,nan,nan,nan,nan,nan,nan,nan,nan,nan,nan,nan
105,106000.0,53.0,nan,nan,nan,nan,nan,nan,nan,nan,nan,n/a,nan,nan,n/a,n/a,nan,nan,nan,nan,nan,nan,nan,nan,nan,nan,nan,nan,n/a,nan,nan,nan,nan,nan,nan,n/a,nan,nan,nan,nan,nan,nan,nan,nan,nan,nan,nan,nan,nan,nan,nan,nan,nan,-70.51548365020751,n/a,n/a,n/a,n/a,n/a,-70.51548365020751,0.2096230556666851,-2520.1851196289062,2.1094363464726486e-06,-4.0,n/a,n/a,n/a,n/a,n/a,n/a,n/a,n/a,n/a,n/a,n/a,n/a,n/a,106000,42.24284744262695,n/a,n/a,105.9091169834137,nan,nan,nan,nan,nan,nan,nan,nan,nan,nan,nan,nan,nan,nan,nan,nan,nan,nan,nan,nan,nan,nan,nan,nan
106,107000.0,54.0,2461.7275514999046,2000.0,0.0,0.0,1.0,0.0,10.0,1152.3805834666655,154.35816816807076,n/a,7.457934245296484,0.0,n/a,n/a,0.0,0.0,0.0,0.0,0.0,0.0,0.0,91.44252145500496,232.579729022612,1403.4485723655523,61.728164561081726,0.0,n/a,0.0,0.0,61.555608650253234,0.0,0.0,2.0,n/a,0.6914056000422713,179.35069658223682,3079.750375653991,8.348680496917535,52.94031950308248,0.0,0.0,0.0,0.08072737604379654,0.9302060604095459,-0.3427973985671997,0.9045263528823853,0.8106549382209778,0.3446243405342102,0.8938501477241516,0.41966328024864197,0.74125,-69.96659868621826,n/a,n/a,n/a,n/a,n/a,-69.96659868621826,0.2113521134853363,-2516.035482421875,2.0780828358510917e-06,-4.0,n/a,n/a,n/a,n/a,n/a,n/a,n/a,n/a,n/a,n/a,n/a,n/a,n/a,107000,42.40310287475586,n/a,n/a,141.72587299346924,-1.384341370273771,0.0,48.24260163492986,484.25,12.0,0.0,0.0,0.0,0.0,0.0,0.0,0.0,12.0,0.0,0.0,0.0,-4.327695334916231,0.0,62.73445627032077,0.0,0.0,-10.000000000000163,0.0,0.0
107,108000.0,55.0,1455.1640564399352,2000.0,0.0,0.0,1.0,0.0,0.0,1700.427855448872,133.8995401389702,n/a,0.0,0.0,n/a,n/a,-5.0,0.0,0.0,0.0,0.0,0.0,0.0,73.40587803410176,124.3647399892207,1115.796332215557,-0.19856614185517207,0.0,n/a,0.0,0.0,34.83478228945165,0.0,0.0,0.0,n/a,1.2455451257760115,171.50176335098968,2909.3996222954083,145.5277515887789,104.20875158877891,0.0,0.0,0.0,0.006758756469935179,0.5500869750976562,-0.3769354820251465,0.7746770977973938,0.8342402577400208,0.7504552602767944,0.9174987077713013,0.622221827507019,0.77175,-68.31863221740723,n/a,n/a,n/a,n/a,n/a,-68.31863221740723,0.21462251231074334,-2536.448533203125,2.0470381082304813e-06,-4.0,n/a,n/a,n/a,n/a,n/a,n/a,n/a,n/a,n/a,n/a,n/a,n/a,n/a,108000,42.5628547668457,n/a,n/a,151.84881377220154,-9.641452929013411,0.0,0.010035771285006462,188.5,12.0,-13.800000000000022,0.0,0.0,0.0,-48.0,0.0,0.0,0.0,0.0,0.0,-2.4000000000000004,-4.707692788841081,0.0,0.0,0.0,0.0,-10.000000000000163,0.0,0.0
108,109000.0,55.0,nan,nan,nan,nan,nan,nan,nan,nan,nan,n/a,nan,nan,n/a,n/a,nan,nan,nan,nan,nan,nan,nan,nan,nan,nan,nan,nan,n/a,nan,nan,nan,nan,nan,nan,n/a,nan,nan,nan,nan,nan,nan,nan,nan,nan,nan,nan,nan,nan,nan,nan,nan,nan,-68.31012478637696,n/a,n/a,n/a,n/a,n/a,-68.31012478637696,0.20973874133825302,-2555.3892573242188,2.016343333707482e-06,-4.0,n/a,n/a,n/a,n/a,n/a,n/a,n/a,n/a,n/a,n/a,n/a,n/a,n/a,109000,42.722721099853516,n/a,n/a,163.36200737953186,nan,nan,nan,nan,nan,nan,nan,nan,nan,nan,nan,nan,nan,nan,nan,nan,nan,nan,nan,nan,nan,nan,nan,nan
109,110000.0,55.0,nan,nan,nan,nan,nan,nan,nan,nan,nan,n/a,nan,nan,n/a,n/a,nan,nan,nan,nan,nan,nan,nan,nan,nan,nan,nan,nan,n/a,nan,nan,nan,nan,nan,nan,n/a,nan,nan,nan,nan,nan,nan,nan,nan,nan,nan,nan,nan,nan,nan,nan,nan,nan,-69.03951988983154,n/a,n/a,n/a,n/a,n/a,-69.03951988983154,0.20803865590691567,-2551.1137578125,1.9861862983816538e-06,-4.0,n/a,n/a,n/a,n/a,n/a,n/a,n/a,n/a,n/a,n/a,n/a,n/a,n/a,110000,42.882938385009766,n/a,n/a,158.08812618255615,nan,nan,nan,nan,nan,nan,nan,nan,nan,nan,nan,nan,nan,nan,nan,nan,nan,nan,nan,nan,nan,nan,nan,nan
110,111000.0,56.0,2156.207164184542,2000.0,0.0,0.0,1.0,0.0,0.0,1317.0786856431926,227.32814867824413,n/a,0.0,0.0,n/a,n/a,0.0,0.0,0.0,0.0,0.0,0.0,0.0,58.24306285739019,61.877199923050775,1390.4087365140426,65.4944014373356,0.0,n/a,0.0,0.0,108.19575224815415,0.0,0.0,4.0,n/a,8.989786358053589,175.15265865916507,4661.318089840869,23.296751252107345,40.95224874789267,0.0,0.0,0.0,-0.020487885922193527,0.7905364632606506,-0.3611893355846405,0.8511086702346802,0.8447335362434387,0.5781190991401672,0.8947499990463257,0.5141692161560059,0.74725,-68.5858667831421,n/a,n/a,n/a,n/a,n/a,-68.5858667831421,0.2041679185628891,-2556.8636059570313,1.9565285915632556e-06,-4.0,n/a,n/a,n/a,n/a,n/a,n/a,n/a,n/a,n/a,n/a,n/a,n/a,n/a,111000,43.04280471801758,n/a,n/a,183.45110774040222,-2.5111576514645466,0.0,7.958694950920882,458.25,12.0,0.0,0.0,0.0,0.0,0.0,0.0,0.0,0.0,0.0,0.0,0.0,-1.3124301251315489,0.0,7.602904030196849,0.0,0.0,-10.000000000000163,0.0,0.0
111,112000.0,57.0,2596.114264297933,2000.0,0.0,0.0,1.0,0.0,42.0,1256.8056190200766,31.36433263105232,n/a,48.97952130640097,0.0,n/a,n/a,-5.0,0.0,0.0,0.0,0.0,0.0,0.0,99.39858242552422,261.2172317324908,1449.9548132564857,64.14708479544996,0.0,n/a,0.0,0.0,90.19449488414335,0.0,0.0,5.0,n/a,7.509893590560097,175.7271115233999,4776.8724800565615,36.401227302596844,35.034772697403206,0.0,0.0,0.0,0.04855696111917496,0.8025310039520264,-0.24860185384750366,0.8279076218605042,0.8273382782936096,0.5670307874679565,0.9382577538490295,0.5502572059631348,0.7525,-68.98555974578858,n/a,n/a,n/a,n/a,n/a,-68.98555974578858,0.20333524090051652,-2555.000505371094,1.9273700318080955e-06,-4.0,n/a,n/a,n/a,n/a,n/a,n/a,n/a,n/a,n/a,n/a,n/a,n/a,n/a,112000,43.20248031616211,n/a,n/a,197.5350058078766,6.493253234699705,0.0,39.06531102067853,473.25,12.0,0.0,0.0,0.0,0.0,0.0,0.0,0.0,12.0,0.0,0.0,0.0,-7.726026977491818,0.0,62.13999861950018,0.0,0.0,-10.000000000000163,0.0,0.0
112,113000.0,57.0,nan,nan,nan,nan,nan,nan,nan,nan,nan,n/a,nan,nan,n/a,n/a,nan,nan,nan,nan,nan,nan,nan,nan,nan,nan,nan,nan,n/a,nan,nan,nan,nan,nan,nan,n/a,nan,nan,nan,nan,nan,nan,nan,nan,nan,nan,nan,nan,nan,nan,nan,nan,nan,-69.8671051864624,n/a,n/a,n/a,n/a,n/a,-69.8671051864624,0.2061526955664158,-2548.2108715820314,1.898797880812708e-06,-4.0,n/a,n/a,n/a,n/a,n/a,n/a,n/a,n/a,n/a,n/a,n/a,n/a,n/a,113000,43.362850189208984,n/a,n/a,155.94200468063354,nan,nan,nan,nan,nan,nan,nan,nan,nan,nan,nan,nan,nan,nan,nan,nan,nan,nan,nan,nan,nan,nan,nan,nan
113,114000.0,57.0,nan,nan,nan,nan,nan,nan,nan,nan,nan,n/a,nan,nan,n/a,n/a,nan,nan,nan,nan,nan,nan,nan,nan,nan,nan,nan,nan,n/a,nan,nan,nan,nan,nan,nan,n/a,nan,nan,nan,nan,nan,nan,nan,nan,nan,nan,nan,nan,nan,nan,nan,nan,nan,-71.29363924407959,n/a,n/a,n/a,n/a,n/a,-71.29363924407959,0.20372619158029556,-2519.1814228515623,1.8707960257415835e-06,-4.0,n/a,n/a,n/a,n/a,n/a,n/a,n/a,n/a,n/a,n/a,n/a,n/a,n/a,114000,43.52260208129883,n/a,n/a,108.80892705917358,nan,nan,nan,nan,nan,nan,nan,nan,nan,nan,nan,nan,nan,nan,nan,nan,nan,nan,nan,nan,nan,nan,nan,nan
114,115000.0,58.0,4126.935031641907,2000.0,0.0,0.0,1.0,0.0,241.0,1162.6047844608936,174.58541818446312,n/a,91.32534319204176,0.0,n/a,n/a,0.0,0.0,0.0,0.0,0.0,0.0,0.0,261.03571457407986,1120.8041216069637,1443.2389551331962,76.11917149305943,0.0,n/a,0.0,0.0,54.628704328817875,0.0,0.0,0.0,n/a,5.256922722099051,172.2992065782102,3127.963396358413,4.454984637415622,45.97398463741562,0.0,0.0,0.0,0.05209381878376007,0.6865997910499573,0.1694461554288864,0.4878612160682678,0.868694543838501,0.5793015956878662,0.8397015929222107,0.7859286665916443,0.513,-70.79569445800782,n/a,n/a,n/a,n/a,n/a,-70.79569445800782,0.20268841886520386,-2542.6507236328125,1.8431626210713147e-06,-4.0,n/a,n/a,n/a,n/a,n/a,n/a,n/a,n/a,n/a,n/a,n/a,n/a,n/a,115000,43.68301010131836,n/a,n/a,154.41051030158997,0.5513682372431506,0.0,150.77866598622532,480.25,12.0,0.0,0.0,0.0,0.0,0.0,0.0,0.0,12.0,0.0,0.0,0.0,-3.7705107290614017,0.0,437.9734978192929,0.0,0.0,-10.000000000000163,0.0,0.0
115,116000.0,59.0,4104.473910580271,2000.0,0.0,0.0,1.0,0.0,345.0,1150.202138069766,99.62903518496293,n/a,83.78042498779753,-0.3247800759999984,n/a,n/a,-5.0,0.0,0.0,0.0,0.0,0.0,0.0,259.53459759170823,1077.4542888261808,1474.35404904992,81.96735223125444,0.0,n/a,0.0,0.0,45.29335765136992,0.0,17.0,2.0,n/a,7.682547997623475,175.84216711954468,2869.2345649010736,3.6920351429531797,42.23403514295318,0.0,0.0,0.0,0.051769379526376724,0.7200942039489746,0.04966101795434952,0.49587690830230713,0.8843585848808289,0.5668209195137024,0.8926729559898376,0.8036389946937561,0.58325,-71.03971474456787,n/a,n/a,n/a,n/a,n/a,-71.03971474456787,0.20274400091171266,-2541.3076489257815,1.8157605152282486e-06,-4.0,n/a,n/a,n/a,n/a,n/a,n/a,n/a,n/a,n/a,n/a,n/a,n/a,n/a,116000,43.8427619934082,n/a,n/a,166.18966794013977,1.802831311925901,0.0,142.23764978372313,485.5,12.0,0.0,0.0,0.0,0.0,0.0,0.0,0.0,12.0,0.0,0.0,0.0,-3.5384520090231675,0.0,447.4125912313654,0.0,0.0,-10.000000000000163,0.0,0.0
116,117000.0,59.0,nan,nan,nan,nan,nan,nan,nan,nan,nan,n/a,nan,nan,n/a,n/a,nan,nan,nan,nan,nan,nan,nan,nan,nan,nan,nan,nan,n/a,nan,nan,nan,nan,nan,nan,n/a,nan,nan,nan,nan,nan,nan,nan,nan,nan,nan,nan,nan,nan,nan,nan,nan,nan,-70.21305975341797,n/a,n/a,n/a,n/a,n/a,-70.21305975341797,0.20049928379058837,-2558.8436450195313,1.7887904011786305e-06,-4.0,n/a,n/a,n/a,n/a,n/a,n/a,n/a,n/a,n/a,n/a,n/a,n/a,n/a,117000,44.002628326416016,n/a,n/a,179.04639148712158,nan,nan,nan,nan,nan,nan,nan,nan,nan,nan,nan,nan,nan,nan,nan,nan,nan,nan,nan,nan,nan,nan,nan,nan
117,118000.0,59.0,nan,nan,nan,nan,nan,nan,nan,nan,nan,n/a,nan,nan,n/a,n/a,nan,nan,nan,nan,nan,nan,nan,nan,nan,nan,nan,nan,n/a,nan,nan,nan,nan,nan,nan,n/a,nan,nan,nan,nan,nan,nan,nan,nan,nan,nan,nan,nan,nan,nan,nan,nan,nan,-69.23771417236328,n/a,n/a,n/a,n/a,n/a,-69.23771417236328,0.20007932576537132,-2581.0247524414062,1.7619667137296347e-06,-4.0,n/a,n/a,n/a,n/a,n/a,n/a,n/a,n/a,n/a,n/a,n/a,n/a,n/a,118000,44.16276931762695,n/a,n/a,175.97057676315308,nan,nan,nan,nan,nan,nan,nan,nan,nan,nan,nan,nan,nan,nan,nan,nan,nan,nan,nan,nan,nan,nan,nan,nan
118,119000.0,60.0,2622.7817097628413,2000.0,0.0,0.0,1.0,0.0,30.0,1053.6842840579998,186.3070194455564,n/a,23.398908828955076,0.0,n/a,n/a,0.0,0.0,0.0,0.0,0.0,0.0,0.0,108.85094708113361,208.5293975953062,1520.2688968958093,88.51273987783753,0.0,n/a,0.0,0.0,82.08348577908853,0.0,0.0,0.0,n/a,4.918082022882356,174.09278881580482,3118.85884689341,5.258273715304811,21.890726284695194,0.0,0.0,0.0,0.06434765458106995,0.9267927408218384,-0.44565731287002563,0.9195563197135925,0.8254514932632446,0.34966620802879333,0.8536639213562012,0.3869171142578125,0.749,-68.7701579284668,n/a,n/a,n/a,n/a,n/a,-68.7701579284668,0.20123192489147188,-2584.868167480469,1.7355166962715884e-06,-4.0,n/a,n/a,n/a,n/a,n/a,n/a,n/a,n/a,n/a,n/a,n/a,n/a,n/a,119000,44.322635650634766,n/a,n/a,186.62636303901672,0.17798774317766328,0.0,37.08906776094169,487.25,12.0,0.0,0.0,0.0,0.0,0.0,0.0,0.0,12.0,0.0,0.0,0.0,-2.6640161845447556,0.0,55.284294385088536,0.0,0.0,-10.000000000000163,0.0,0.0
119,120000.0,61.0,1189.2226977007601,2000.0,0.0,0.0,1.0,0.0,4.0,1584.2174626258113,130.8379343721615,n/a,1.3825205964137242,-104.87791152,n/a,n/a,0.0,0.0,0.0,0.0,0.0,0.0,0.0,43.36041098412455,52.24676403342413,707.9462278095181,75.40275640848267,0.0,n/a,0.0,0.0,25.855353247858904,0.0,133.0,1.0,n/a,1.0788344998370785,174.60538924478743,2988.5831606551724,15.916573149878968,24.265426850121038,0.0,0.0,0.0,-0.0142300920560956,0.6119561195373535,-0.23306064307689667,0.5983612537384033,0.8693046569824219,0.7418137788772583,0.9530869126319885,0.7908697128295898,0.767125,-69.35511360931396,n/a,n/a,n/a,n/a,n/a,-69.35511360931396,0.20215904107689858,-2578.073674316406,1.7095938596867199e-06,-4.0,n/a,n/a,n/a,n/a,n/a,n/a,n/a,n/a,n/a,n/a,n/a,n/a,n/a,120000,44.48234939575195,n/a,n/a,189.7775421142578,-1.1556652995190437,0.0,1.903225816529087,377.75,12.0,-1.3499999999999999,0.0,0.0,0.0,0.0,0.0,0.0,12.0,0.0,0.0,-3.2,-4.761133368284215,0.0,4.720148992209277,0.0,0.0,-10.000000000000163,0.0,0.0
120,121000.0,61.0,nan,nan,nan,nan,nan,nan,nan,nan,nan,n/a,nan,nan,n/a,n/a,nan,nan,nan,nan,nan,nan,nan,nan,nan,nan,nan,nan,n/a,nan,nan,nan,nan,nan,nan,n/a,nan,nan,nan,nan,nan,nan,nan,nan,nan,nan,nan,nan,nan,nan,nan,nan,nan,-70.4964228515625,n/a,n/a,n/a,n/a,n/a,-70.4964228515625,0.20307567325234413,-2564.8827543945313,1.6842658978930558e-06,-4.0,n/a,n/a,n/a,n/a,n/a,n/a,n/a,n/a,n/a,n/a,n/a,n/a,n/a,121000,44.64271926879883,n/a,n/a,179.57236909866333,nan,nan,nan,nan,nan,nan,nan,nan,nan,nan,nan,nan,nan,nan,nan,nan,nan,nan,nan,nan,nan,nan,nan,nan
121,122000.0,61.0,nan,nan,nan,nan,nan,nan,nan,nan,nan,n/a,nan,nan,n/a,n/a,nan,nan,nan,nan,nan,nan,nan,nan,nan,nan,nan,nan,n/a,nan,nan,nan,nan,nan,nan,n/a,nan,nan,nan,nan,nan,nan,nan,nan,nan,nan,nan,nan,nan,nan,nan,nan,nan,-69.87055379486084,n/a,n/a,n/a,n/a,n/a,-69.87055379486084,0.20421022433042527,-2587.5583950195314,1.6592299493822794e-06,-4.0,n/a,n/a,n/a,n/a,n/a,n/a,n/a,n/a,n/a,n/a,n/a,n/a,n/a,122000,44.80247116088867,n/a,n/a,187.39200448989868,nan,nan,nan,nan,nan,nan,nan,nan,nan,nan,nan,nan,nan,nan,nan,nan,nan,nan,nan,nan,nan,nan,nan,nan
122,123000.0,62.0,4086.6185098540286,2000.0,0.0,0.0,1.0,0.0,220.0,1052.9021770909371,139.74421801419334,n/a,97.9823188684738,0.0,n/a,n/a,0.0,0.0,0.0,0.0,0.0,0.0,0.0,257.4215789382322,1021.8427264701527,1424.1085327572785,77.66579705988134,0.0,n/a,0.0,0.0,46.6733903992273,0.0,0.0,0.0,n/a,3.2429979377783154,176.25186688403593,2962.527142211377,4.777428164665449,45.530428164665466,0.0,0.0,0.0,-0.035473402589559555,0.7171412110328674,0.13820022344589233,0.5217485427856445,0.8696449995040894,0.5334936380386353,0.8847619295120239,0.7668585181236267,0.5145,-68.5123639755249,n/a,n/a,n/a,n/a,n/a,-68.5123639755249,0.20898494693636893,-2615.9755737304686,1.6343274248811213e-06,-4.0,n/a,n/a,n/a,n/a,n/a,n/a,n/a,n/a,n/a,n/a,n/a,n/a,n/a,123000,44.96280288696289,n/a,n/a,166.0537121295929,1.333720095623362,0.0,210.18617366502946,468.25,12.0,0.0,0.0,0.0,0.0,0.0,0.0,0.0,12.0,0.0,0.0,-1.6,-4.915267212954857,0.0,473.6695388130348,0.0,0.0,-10.000000000000163,0.0,0.0
123,124000.0,63.0,1783.181402176232,2000.0,0.0,0.0,1.0,0.0,7.0,1083.7858994730502,28.306723413894773,n/a,22.605459433736307,0.0,n/a,n/a,-5.0,0.0,0.0,0.0,0.0,0.0,0.0,68.74391289402107,75.78790019592576,1172.0109208663,75.32182299004094,0.0,n/a,0.0,0.0,78.95107805230109,0.0,0.0,0.0,n/a,4.270954865360627,173.5346499427433,2956.1238754480273,16.773049232668914,34.775049232668934,0.0,0.0,0.0,-0.17404665052890778,0.7676948308944702,-0.6148228049278259,0.5999714732170105,0.8334473371505737,0.6023127436637878,0.7795727252960205,0.7801558375358582,0.7935,-68.55144076538086,n/a,n/a,n/a,n/a,n/a,-68.55144076538086,0.20956699267029763,-2611.2797822265625,1.6097967222776788e-06,-4.0,n/a,n/a,n/a,n/a,n/a,n/a,n/a,n/a,n/a,n/a,n/a,n/a,n/a,124000,45.122554779052734,n/a,n/a,157.83102774620056,10.55248279433824,0.0,13.498024922046199,265.75,12.0,-7.500000000000007,0.0,0.0,0.0,-6.0,0.0,0.0,12.0,0.0,0.0,-3.2,-7.96904263734428,0.0,15.628842664845227,0.0,0.0,-10.000000000000163,0.0,0.0
124,125000.0,63.0,nan,nan,nan,nan,nan,nan,nan,nan,nan,n/a,nan,nan,n/a,n/a,nan,nan,nan,nan,nan,nan,nan,nan,nan,nan,nan,nan,n/a,nan,nan,nan,nan,nan,nan,n/a,nan,nan,nan,nan,nan,nan,nan,nan,nan,nan,nan,nan,nan,nan,nan,nan,nan,-67.94259288787842,n/a,n/a,n/a,n/a,n/a,-67.94259288787842,0.20690718057751656,-2636.3932055664063,1.5856667114348965e-06,-4.0,n/a,n/a,n/a,n/a,n/a,n/a,n/a,n/a,n/a,n/a,n/a,n/a,n/a,125000,45.28242111206055,n/a,n/a,208.18301630020142,nan,nan,nan,nan,nan,nan,nan,nan,nan,nan,nan,nan,nan,nan,nan,nan,nan,nan,nan,nan,nan,nan,nan,nan
125,126000.0,63.0,nan,nan,nan,nan,nan,nan,nan,nan,nan,n/a,nan,nan,n/a,n/a,nan,nan,nan,nan,nan,nan,nan,nan,nan,nan,nan,nan,n/a,nan,nan,nan,nan,nan,nan,n/a,nan,nan,nan,nan,nan,nan,nan,nan,nan,nan,nan,nan,nan,nan,nan,nan,nan,-68.08957219696045,n/a,n/a,n/a,n/a,n/a,-68.08957219696045,0.20790497687458992,-2634.3589931640627,1.5618350178101537e-06,-4.0,n/a,n/a,n/a,n/a,n/a,n/a,n/a,n/a,n/a,n/a,n/a,n/a,n/a,126000,45.4426383972168,n/a,n/a,251.05279636383057,nan,nan,nan,nan,nan,nan,nan,nan,nan,nan,nan,nan,nan,nan,nan,nan,nan,nan,nan,nan,nan,nan,nan,nan
126,127000.0,64.0,2572.775461949086,2000.0,0.0,0.0,1.0,0.0,4.0,915.4090594173969,196.85133994227078,n/a,22.239102602972935,0.0,n/a,n/a,0.0,0.0,0.0,0.0,0.0,0.0,0.0,129.67391701963558,188.00460933813306,1417.5030337778535,90.00436106555127,0.0,n/a,0.0,0.0,114.39371375153763,0.0,0.0,4.0,n/a,5.017829833866958,174.3666182233802,4601.71785365038,4.331964067610668,20.400035932389343,0.0,0.0,0.0,0.02917490154504776,0.8449512124061584,-0.11319679021835327,0.8750672936439514,0.8460477590560913,0.5024178624153137,0.9604639410972595,0.4645771384239197,0.745625,-67.83793447875976,n/a,n/a,n/a,n/a,n/a,-67.83793447875976,0.20893670803308487,-2646.9458950195312,1.5384789301151613e-06,-4.0,n/a,n/a,n/a,n/a,n/a,n/a,n/a,n/a,n/a,n/a,n/a,n/a,n/a,127000,45.60250473022461,n/a,n/a,197.87357997894287,-0.13539142704446414,0.0,60.993847655470994,478.0,12.0,0.0,0.0,0.0,0.0,0.0,0.0,0.0,12.0,0.0,0.0,0.0,-1.6857248116213428,0.0,59.78399297655086,0.0,0.0,-10.000000000000163,0.0,0.0
127,128000.0,65.0,2118.4088628882255,2000.0,0.0,0.0,1.0,0.0,23.0,1236.11451906925,69.70962866667901,n/a,13.143992339253026,0.0,n/a,n/a,-5.0,0.0,0.0,0.0,0.0,0.0,0.0,103.91782286857388,177.74957663144298,1231.2203732456583,71.31521339895336,0.0,n/a,0.0,0.0,64.53257207781868,0.0,0.0,1.0,n/a,5.434009443391746,178.14983042845242,2989.106015849048,36.15711643754012,28.1508835624599,0.0,0.0,0.0,0.0036015151999890804,0.5421109795570374,-0.08147791773080826,0.6081562638282776,0.8791462182998657,0.7986740469932556,0.9736690521240234,0.7724244594573975,0.766875,-67.4315396118164,n/a,n/a,n/a,n/a,n/a,-67.4315396118164,0.2124194102883339,-2652.929987792969,1.5154913210153608e-06,-4.0,n/a,n/a,n/a,n/a,n/a,n/a,n/a,n/a,n/a,n/a,n/a,n/a,n/a,128000,45.76206588745117,n/a,n/a,174.41380047798157,3.2646157951930337,0.0,20.101056759470076,386.5,12.0,-5.850000000000003,0.0,0.0,0.0,0.0,0.0,0.0,12.0,0.0,0.0,-2.4000000000000004,-4.6718419504490045,0.0,50.58548172227462,0.0,0.0,-10.000000000000163,0.0,0.0
128,129000.0,65.0,nan,nan,nan,nan,nan,nan,nan,nan,nan,n/a,nan,nan,n/a,n/a,nan,nan,nan,nan,nan,nan,nan,nan,nan,nan,nan,nan,n/a,nan,nan,nan,nan,nan,nan,n/a,nan,nan,nan,nan,nan,nan,nan,nan,nan,nan,nan,nan,nan,nan,nan,nan,nan,-65.51481509399414,n/a,n/a,n/a,n/a,n/a,-65.51481509399414,0.2193792122602463,-2667.917478515625,1.4927383797385118e-06,-4.0,n/a,n/a,n/a,n/a,n/a,n/a,n/a,n/a,n/a,n/a,n/a,n/a,n/a,129000,45.92239761352539,n/a,n/a,173.14738750457764,nan,nan,nan,nan,nan,nan,nan,nan,nan,nan,nan,nan,nan,nan,nan,nan,nan,nan,nan,nan,nan,nan,nan,nan
129,130000.0,65.0,nan,nan,nan,nan,nan,nan,nan,nan,nan,n/a,nan,nan,n/a,n/a,nan,nan,nan,nan,nan,nan,nan,nan,nan,nan,nan,nan,n/a,nan,nan,nan,nan,nan,nan,n/a,nan,nan,nan,nan,nan,nan,nan,nan,nan,nan,nan,nan,nan,nan,nan,nan,nan,-66.05219702148437,n/a,n/a,n/a,n/a,n/a,-66.05219702148437,0.21734192252159118,-2655.713669921875,1.4704435095609369e-06,-4.0,n/a,n/a,n/a,n/a,n/a,n/a,n/a,n/a,n/a,n/a,n/a,n/a,n/a,130000,46.08218765258789,n/a,n/a,161.2841761112213,nan,nan,nan,nan,nan,nan,nan,nan,nan,nan,nan,nan,nan,nan,nan,nan,nan,nan,nan,nan,nan,nan,nan,nan
130,131000.0,66.0,1639.152054738961,2000.0,0.0,0.0,1.0,0.0,2.0,1221.3148756528844,150.3873598750305,n/a,3.0275796942553708,0.0,n/a,n/a,-5.0,0.0,0.0,0.0,0.0,0.0,0.0,69.54675449048077,102.89482825419181,931.3599217332574,74.09648876144911,0.0,n/a,0.0,0.0,58.02947998812927,0.0,0.0,2.0,n/a,1.0670740861322747,176.3521586381839,3156.5943747337246,4.801563346830818,43.16056334683081,0.0,0.0,0.0,-0.07047835737466812,0.6946951150894165,-0.41878432035446167,0.5756158232688904,0.8681155443191528,0.6647738814353943,0.8676859140396118,0.7884398698806763,0.742375,-66.17672248077393,n/a,n/a,n/a,n/a,n/a,-66.17672248077393,0.2172835196852684,-2667.659775390625,1.4485721210348857e-06,-4.0,n/a,n/a,n/a,n/a,n/a,n/a,n/a,n/a,n/a,n/a,n/a,n/a,n/a,131000,46.2424430847168,n/a,n/a,144.3904709815979,-0.8508679844292375,0.0,2.8532536503854176,353.75,12.0,-3.449999999999999,0.0,0.0,0.0,0.0,0.0,0.0,12.0,0.0,0.0,0.0,-2.6942336420191477,0.0,41.58884979324278,0.0,0.0,-10.000000000000163,0.0,0.0
131,132000.0,67.0,2234.307711714415,2000.0,0.0,0.0,1.0,0.0,4.0,1102.7074122899494,143.2183982436037,n/a,5.512741804665579,0.0,n/a,n/a,-5.0,0.0,0.0,0.0,0.0,0.0,0.0,105.66391455093806,94.74563201886616,1347.1996351985617,89.2964541153666,0.0,n/a,0.0,0.0,77.1580013382103,0.0,0.0,3.0,n/a,8.797649771145746,175.66041488028208,2859.6120586056745,10.888350388989867,15.978649611010185,0.0,0.0,0.0,0.044301312416791916,0.7375769019126892,-0.3144749701023102,0.8271628022193909,0.8647279143333435,0.636343240737915,0.9241434335708618,0.5472169518470764,0.762375,-65.7721893157959,n/a,n/a,n/a,n/a,n/a,-65.7721893157959,0.21535634216666222,-2671.5748120117187,1.4269833325215586e-06,-4.0,n/a,n/a,n/a,n/a,n/a,n/a,n/a,n/a,n/a,n/a,n/a,n/a,n/a,132000,46.402462005615234,n/a,n/a,133.550461769104,-0.020203580020851902,0.0,23.470736109713968,471.5,12.0,0.0,0.0,0.0,0.0,0.0,0.0,0.0,12.0,0.0,0.0,-7.999999999999999,-7.326324145904166,0.0,26.10712430397357,0.0,0.0,-10.000000000000163,0.0,0.0
132,133000.0,67.0,nan,nan,nan,nan,nan,nan,nan,nan,nan,n/a,nan,nan,n/a,n/a,nan,nan,nan,nan,nan,nan,nan,nan,nan,nan,nan,nan,n/a,nan,nan,nan,nan,nan,nan,n/a,nan,nan,nan,nan,nan,nan,nan,nan,nan,nan,nan,nan,nan,nan,nan,nan,nan,-66.25172151947021,n/a,n/a,n/a,n/a,n/a,-66.25172151947021,0.21269281050562858,-2671.9055576171877,1.405731273280253e-06,-4.0,n/a,n/a,n/a,n/a,n/a,n/a,n/a,n/a,n/a,n/a,n/a,n/a,n/a,133000,46.56229019165039,n/a,n/a,134.6222438812256,nan,nan,nan,nan,nan,nan,nan,nan,nan,nan,nan,nan,nan,nan,nan,nan,nan,nan,nan,nan,nan,nan,nan,nan
133,134000.0,67.0,nan,nan,nan,nan,nan,nan,nan,nan,nan,n/a,nan,nan,n/a,n/a,nan,nan,nan,nan,nan,nan,nan,nan,nan,nan,nan,nan,n/a,nan,nan,nan,nan,nan,nan,n/a,nan,nan,nan,nan,nan,nan,nan,nan,nan,nan,nan,nan,nan,nan,nan,nan,nan,-66.96759683227539,n/a,n/a,n/a,n/a,n/a,-66.96759683227539,0.21077382227778435,-2655.186367675781,1.3849632025539905e-06,-4.0,n/a,n/a,n/a,n/a,n/a,n/a,n/a,n/a,n/a,n/a,n/a,n/a,n/a,134000,46.72250747680664,n/a,n/a,179.20005893707275,nan,nan,nan,nan,nan,nan,nan,nan,nan,nan,nan,nan,nan,nan,nan,nan,nan,nan,nan,nan,nan,nan,nan,nan
134,135000.0,68.0,2320.934324632135,2000.0,0.0,0.0,1.0,0.0,0.0,1086.6451345535115,158.30669449885082,n/a,0.0,0.0,n/a,n/a,0.0,0.0,0.0,0.0,0.0,0.0,0.0,83.03474570244266,72.27117532890976,1442.7843531367528,92.29249726111925,0.0,n/a,0.0,0.0,124.28569079921479,0.0,0.0,4.0,n/a,3.6120263336828615,176.02255562796978,4776.919153551741,18.1319727237754,3.256027276224601,0.0,0.0,0.0,-0.010675540193915367,0.8030268549919128,-0.314402312040329,0.909828782081604,0.8366354703903198,0.5569906234741211,0.9147015810012817,0.41057488322257996,0.75025,-67.26020378875732,n/a,n/a,n/a,n/a,n/a,-67.26020378875732,0.21048250380158423,-2648.3944311523437,1.364549546451599e-06,-4.0,n/a,n/a,n/a,n/a,n/a,n/a,n/a,n/a,n/a,n/a,n/a,n/a,n/a,135000,46.88229751586914,n/a,n/a,134.2024359703064,-1.8153933261418573,0.0,14.756708312835526,477.25,12.0,0.0,0.0,0.0,0.0,0.0,0.0,0.0,0.0,0.0,0.0,0.0,-1.457162518663311,0.0,15.531709935618572,0.0,0.0,-10.000000000000163,0.0,0.0
135,136000.0,69.0,4057.2993156801213,2000.0,0.0,0.0,1.0,0.0,374.0,1241.7940048394642,157.92540055748887,n/a,98.53968621499884,0.0,n/a,n/a,0.0,0.0,0.0,0.0,0.0,0.0,0.0,263.8858161679252,1172.7929583269315,1416.421651354509,81.176472937044,0.0,n/a,0.0,0.0,91.2323688708275,0.0,0.0,4.0,n/a,0.7329819285116995,177.19360279497016,4589.71712799496,1.1441106601381512,41.42188933986186,0.0,0.0,0.0,0.041676074266433716,0.6896466016769409,0.15660138428211212,0.5384336113929749,0.8796029686927795,0.6089198589324951,0.856314480304718,0.7684386968612671,0.564,-67.49933770751953,n/a,n/a,n/a,n/a,n/a,-67.49933770751953,0.21033053886890413,-2647.6473950195314,1.3444095184240723e-06,-4.0,n/a,n/a,n/a,n/a,n/a,n/a,n/a,n/a,n/a,n/a,n/a,n/a,n/a,136000,47.04208755493164,n/a,n/a,164.03537344932556,0.3505208825410888,0.0,60.747922871050605,474.25,12.0,0.0,0.0,0.0,0.0,0.0,0.0,0.0,12.0,0.0,0.0,0.0,-3.7132178472473356,0.0,387.6151359014952,0.0,0.0,-10.000000000000163,0.0,0.0
136,137000.0,69.0,nan,nan,nan,nan,nan,nan,nan,nan,nan,n/a,nan,nan,n/a,n/a,nan,nan,nan,nan,nan,nan,nan,nan,nan,nan,nan,nan,n/a,nan,nan,nan,nan,nan,nan,n/a,nan,nan,nan,nan,nan,nan,nan,nan,nan,nan,nan,nan,nan,nan,nan,nan,nan,-68.28400109100342,n/a,n/a,n/a,n/a,n/a,-68.28400109100342,0.2094859975874424,-2640.353590332031,1.32453174182956e-06,-4.0,n/a,n/a,n/a,n/a,n/a,n/a,n/a,n/a,n/a,n/a,n/a,n/a,n/a,137000,47.20241928100586,n/a,n/a,158.05626511573792,nan,nan,nan,nan,nan,nan,nan,nan,nan,nan,nan,nan,nan,nan,nan,nan,nan,nan,nan,nan,nan,nan,nan,nan
137,138000.0,69.0,nan,nan,nan,nan,nan,nan,nan,nan,nan,n/a,nan,nan,n/a,n/a,nan,nan,nan,nan,nan,nan,nan,nan,nan,nan,nan,nan,n/a,nan,nan,nan,nan,nan,nan,n/a,nan,nan,nan,nan,nan,nan,nan,nan,nan,nan,nan,nan,nan,nan,nan,nan,nan,-69.58448966979981,n/a,n/a,n/a,n/a,n/a,-69.58448966979981,0.20782001861929894,-2632.0388579101564,1.3049780320670835e-06,-4.0,n/a,n/a,n/a,n/a,n/a,n/a,n/a,n/a,n/a,n/a,n/a,n/a,n/a,138000,47.36220932006836,n/a,n/a,131.1279559135437,nan,nan,nan,nan,nan,nan,nan,nan,nan,nan,nan,nan,nan,nan,nan,nan,nan,nan,nan,nan,nan,nan,nan,nan
138,139000.0,70.0,4279.132751629877,2000.0,0.0,0.0,1.0,0.0,404.0,1216.210713690186,89.86181912891551,n/a,164.8764304587503,0.0,n/a,n/a,-5.0,0.0,0.0,0.0,0.0,0.0,0.0,269.3920805729771,1173.1385079033682,1499.090649861044,89.61460201962731,0.0,n/a,0.0,0.0,46.88648204890225,0.0,0.0,2.0,n/a,9.479691233021564,178.93214383494995,2876.3079826355606,0.04976930553694471,38.34276930553694,0.0,0.0,0.0,0.07260517030954361,0.6852266192436218,-0.04925677180290222,0.42467737197875977,0.8749182224273682,0.5950406193733215,0.8625483512878418,0.8194664120674133,0.513875,-69.60796977233886,n/a,n/a,n/a,n/a,n/a,-69.60796977233886,0.20940271860361098,-2638.434730957031,1.2857064634772542e-06,-4.0,n/a,n/a,n/a,n/a,n/a,n/a,n/a,n/a,n/a,n/a,n/a,n/a,n/a,139000,47.52238845825195,n/a,n/a,106.38289451599121,2.462525775685114,0.0,134.56395385348804,484.75,12.0,0.0,0.0,0.0,0.0,0.0,0.0,0.0,12.0,0.0,0.0,0.0,-7.589701862485401,0.0,412.9472209984681,0.0,0.0,-10.000000000000163,0.0,0.0
139,140000.0,71.0,3861.3146667755063,2000.0,0.0,0.0,1.0,0.0,439.0,1198.2685331176397,134.4752077064879,n/a,135.8455569552913,0.0,n/a,n/a,0.0,0.0,0.0,0.0,0.0,0.0,0.0,247.897868758586,976.964800277649,1381.8981780118843,79.34883032888364,0.0,n/a,0.0,0.0,63.17121542792072,0.0,0.0,2.0,n/a,3.4141617491583642,169.07789278335463,3015.1802475965605,0.2547835773646095,35.73178357736459,0.0,0.0,0.0,0.07578068971633911,0.8213344216346741,0.14444130659103394,0.596763014793396,0.8631459474563599,0.45378753542900085,0.910598635673523,0.7322583794593811,0.592375,-70.02549057006836,n/a,n/a,n/a,n/a,n/a,-70.02549057006836,0.20916741010546686,-2633.7440078125,1.2666862380683597e-06,-4.0,n/a,n/a,n/a,n/a,n/a,n/a,n/a,n/a,n/a,n/a,n/a,n/a,n/a,140000,47.682254791259766,n/a,n/a,100.90074157714844,1.3532850136761267,0.0,94.55345916729541,453.25,12.0,0.0,0.0,0.0,0.0,0.0,0.0,0.0,12.0,0.0,0.0,-7.199999999999999,-9.281154239916969,0.0,429.51262707419005,0.0,0.0,-10.000000000000163,0.0,0.0
140,141000.0,71.0,nan,nan,nan,nan,nan,nan,nan,nan,nan,n/a,nan,nan,n/a,n/a,nan,nan,nan,nan,nan,nan,nan,nan,nan,nan,nan,nan,n/a,nan,nan,nan,nan,nan,nan,n/a,nan,nan,nan,nan,nan,nan,nan,nan,nan,nan,nan,nan,nan,nan,nan,nan,nan,-69.32527922821045,n/a,n/a,n/a,n/a,n/a,-69.32527922821045,0.21085349687933921,-2631.8583579101564,1.2479326310312899e-06,-4.0,n/a,n/a,n/a,n/a,n/a,n/a,n/a,n/a,n/a,n/a,n/a,n/a,n/a,141000,47.84208297729492,n/a,n/a,149.79865860939026,nan,nan,nan,nan,nan,nan,nan,nan,nan,nan,nan,nan,nan,nan,nan,nan,nan,nan,nan,nan,nan,nan,nan,nan
141,142000.0,71.0,nan,nan,nan,nan,nan,nan,nan,nan,nan,n/a,nan,nan,n/a,n/a,nan,nan,nan,nan,nan,nan,nan,nan,nan,nan,nan,nan,n/a,nan,nan,nan,nan,nan,nan,n/a,nan,nan,nan,nan,nan,nan,nan,nan,nan,nan,nan,nan,nan,nan,nan,nan,nan,-70.60314695739746,n/a,n/a,n/a,n/a,n/a,-70.60314695739746,0.20829658260941505,-2613.2482124023436,1.2295364585952483e-06,-4.0,n/a,n/a,n/a,n/a,n/a,n/a,n/a,n/a,n/a,n/a,n/a,n/a,n/a,142000,48.00233840942383,n/a,n/a,167.74954771995544,nan,nan,nan,nan,nan,nan,nan,nan,nan,nan,nan,nan,nan,nan,nan,nan,nan,nan,nan,nan,nan,nan,nan,nan
142,143000.0,73.0,2739.6632621270332,1728.5,0.5,0.0,0.5,0.0,104.0,1343.619230723371,138.9463083615931,n/a,90.5911110058602,0.0,n/a,n/a,-5.0,0.0,0.0,0.0,0.0,0.0,0.0,145.9008451675179,488.76779659792044,1209.477501429398,84.16736139425704,0.0,n/a,0.0,0.0,95.99075597645208,0.0,0.0,4.5,n/a,2.807567761528541,179.95107050079918,4575.905648045373,12.998536368897526,27.10396363110248,0.0,0.0,0.0,-0.017281966283917427,0.5533252507448196,-0.03511538356542587,0.7347111105918884,0.8818264901638031,0.7591626942157745,0.8686681985855103,0.6120795905590057,0.6670138555250515,-70.53418561553956,n/a,n/a,n/a,n/a,n/a,-70.53418561553956,0.21278826731443407,-2610.6666123046875,1.2114321150420436e-06,-4.0,n/a,n/a,n/a,n/a,n/a,n/a,n/a,n/a,n/a,n/a,n/a,n/a,n/a,143000,48.16212844848633,n/a,n/a,120.51149082183838,-0.7719836911923083,0.0,61.66659747032948,409.25,12.0,0.0,0.0,0.0,0.0,0.0,0.0,0.0,6.0,0.0,0.0,-0.8,-5.05142368832486,0.0,106.11720046478372,0.0,0.0,-8.642500000000016,50.0,0.0
143,144000.0,73.0,nan,nan,nan,nan,nan,nan,nan,nan,nan,n/a,nan,nan,n/a,n/a,nan,nan,nan,nan,nan,nan,nan,nan,nan,nan,nan,nan,n/a,nan,nan,nan,nan,nan,nan,n/a,nan,nan,nan,nan,nan,nan,nan,nan,nan,nan,nan,nan,nan,nan,nan,nan,nan,-70.17594524383544,n/a,n/a,n/a,n/a,n/a,-70.17594524383544,0.21311084917187692,-2599.9951162109373,1.1935332306620695e-06,-4.0,n/a,n/a,n/a,n/a,n/a,n/a,n/a,n/a,n/a,n/a,n/a,n/a,n/a,144000,48.32188034057617,n/a,n/a,133.59635186195374,nan,nan,nan,nan,nan,nan,nan,nan,nan,nan,nan,nan,nan,nan,nan,nan,nan,nan,nan,nan,nan,nan,nan,nan
144,145000.0,73.0,nan,nan,nan,nan,nan,nan,nan,nan,nan,n/a,nan,nan,n/a,n/a,nan,nan,nan,nan,nan,nan,nan,nan,nan,nan,nan,nan,n/a,nan,nan,nan,nan,nan,nan,n/a,nan,nan,nan,nan,nan,nan,nan,nan,nan,nan,nan,nan,nan,nan,nan,nan,nan,-71.90178810882568,n/a,n/a,n/a,n/a,n/a,-71.90178810882568,0.21085129046440124,-2577.7172387695314,1.1759890253415505e-06,-4.0,n/a,n/a,n/a,n/a,n/a,n/a,n/a,n/a,n/a,n/a,n/a,n/a,n/a,145000,48.48221206665039,n/a,n/a,166.25606226921082,nan,nan,nan,nan,nan,nan,nan,nan,nan,nan,nan,nan,nan,nan,nan,nan,nan,nan,nan,nan,nan,nan,nan,nan
145,146000.0,74.0,3542.4909578336296,1589.0,1.0,0.0,0.0,0.0,239.0,1097.2327404936668,171.3540482952916,n/a,180.55197377551377,0.0,n/a,n/a,-5.0,0.0,0.0,0.0,0.0,0.0,0.0,226.44328063676127,988.2299280360461,1128.0857884057948,93.04771645229351,0.0,n/a,0.0,0.0,60.07405942025476,0.0,0.0,2.0,n/a,8.283505862803253,179.0427801731416,3043.7175713386478,0.28293020428416493,29.07906979571583,0.0,0.0,0.0,0.06330674886703491,0.6936367750167847,-0.15312036871910095,0.5700808763504028,0.8736376762390137,0.618102490901947,0.8042137026786804,0.7286021709442139,0.5053492762743864,-71.57618676757812,n/a,n/a,n/a,n/a,n/a,-71.57618676757812,0.211016393750906,-2592.897548828125,1.1586653413360182e-06,-4.0,n/a,n/a,n/a,n/a,n/a,n/a,n/a,n/a,n/a,n/a,n/a,n/a,n/a,146000,48.64200210571289,n/a,n/a,216.49919939041138,0.9256410447458191,0.0,120.33569077645193,378.5,12.0,0.0,0.0,0.0,0.0,0.0,0.0,0.0,12.0,0.0,0.0,-3.2,-7.386427071332853,0.0,265.8283063570686,0.0,0.0,-7.944999999999853,100.0,0.0
146,147000.0,75.0,2747.950011375722,2000.0,0.0,0.0,1.0,0.0,0.0,590.2028005983404,162.8520322428228,n/a,0.0,0.0,n/a,n/a,0.0,0.0,0.0,0.0,0.0,0.0,0.0,213.5715866067329,219.55199042086744,1489.6635580796217,83.0618678507742,0.0,n/a,0.0,0.0,125.53829826226739,0.0,0.0,4.0,n/a,6.4753632982019855,172.6230661613183,4484.893191941986,13.051372465879599,27.546372465879603,0.0,0.0,0.0,-0.20611706376075745,0.8367689251899719,-0.5298057794570923,0.735554575920105,0.7679772973060608,0.41703006625175476,0.8046120405197144,0.5520595908164978,0.506,-70.30936560058593,n/a,n/a,n/a,n/a,n/a,-70.30936560058593,0.21213082200288771,-2593.388966796875,1.141446505471322e-06,-4.0,n/a,n/a,n/a,n/a,n/a,n/a,n/a,n/a,n/a,n/a,n/a,n/a,n/a,147000,48.8022575378418,n/a,n/a,175.52163910865784,-0.7537376502730652,0.0,58.30318222792954,475.5,12.0,0.0,0.0,0.0,0.0,0.0,0.0,0.0,0.0,0.0,0.0,0.0,-1.6877117424659984,0.0,83.20097732022029,0.0,0.0,-10.000000000000163,0.0,0.0
147,148000.0,75.0,nan,nan,nan,nan,nan,nan,nan,nan,nan,n/a,nan,nan,n/a,n/a,nan,nan,nan,nan,nan,nan,nan,nan,nan,nan,nan,nan,n/a,nan,nan,nan,nan,nan,nan,n/a,nan,nan,nan,nan,nan,nan,nan,nan,nan,nan,nan,nan,nan,nan,nan,nan,nan,-71.04531842803955,n/a,n/a,n/a,n/a,n/a,-71.04531842803955,0.21565787348151208,-2566.6547055664064,1.1246406111240503e-06,-4.0,n/a,n/a,n/a,n/a,n/a,n/a,n/a,n/a,n/a,n/a,n/a,n/a,n/a,148000,48.962162017822266,n/a,n/a,160.66629791259766,nan,nan,nan,nan,nan,nan,nan,nan,nan,nan,nan,nan,nan,nan,nan,nan,nan,nan,nan,nan,nan,nan,nan,nan
148,149000.0,76.0,2710.8348879772275,1637.0,1.0,0.0,0.0,0.0,247.0,1159.077161042462,57.800253605711525,n/a,181.21070934107868,0.0,n/a,n/a,-5.0,0.0,0.0,0.0,0.0,0.0,0.0,142.56774527144805,573.5392811795904,823.0159592180519,90.69080441592254,0.0,n/a,0.0,0.0,64.83017580825124,0.0,0.0,1.0,n/a,7.6464028449924895,173.54938402855944,3214.4972889041055,1.2957058578642486,28.155294142135805,0.0,0.0,0.0,0.04962071031332016,0.7447706460952759,-0.20082232356071472,0.627902090549469,0.8702356219291687,0.5763904452323914,0.9030781388282776,0.7312813401222229,0.6398900427611485,-70.64365977478028,n/a,n/a,n/a,n/a,n/a,-70.64365977478028,0.21442581436038016,-2578.765061035156,1.1080667809437728e-06,-4.0,n/a,n/a,n/a,n/a,n/a,n/a,n/a,n/a,n/a,n/a,n/a,n/a,n/a,149000,49.12199020385742,n/a,n/a,129.1801941394806,7.632512115877044,0.0,153.22455377676087,334.5,12.0,-2.999999999999999,0.0,0.0,0.0,-16.5,0.0,0.0,12.0,0.0,0.0,-6.3999999999999995,-6.949485946499386,0.0,261.657632796731,0.0,0.0,-8.18499999999988,100.0,0.0
149,150000.0,76.0,nan,nan,nan,nan,nan,nan,nan,nan,nan,n/a,nan,nan,n/a,n/a,nan,nan,nan,nan,nan,nan,nan,nan,nan,nan,nan,nan,n/a,nan,nan,nan,nan,nan,nan,n/a,nan,nan,nan,nan,nan,nan,nan,nan,nan,nan,nan,nan,nan,nan,nan,nan,nan,-69.92827024078369,n/a,n/a,n/a,n/a,n/a,-69.92827024078369,0.21421754759550093,-2579.914771972656,1.0916524556705554e-06,-4.0,n/a,n/a,n/a,n/a,n/a,n/a,n/a,n/a,n/a,n/a,n/a,n/a,n/a,150000,49.28213119506836,n/a,n/a,92.45475029945374,nan,nan,nan,nan,nan,nan,nan,nan,nan,nan,nan,nan,nan,nan,nan,nan,nan,nan,nan,nan,nan,nan,nan,nan
150,151000.0,77.0,1616.7337639061377,2000.0,0.0,0.0,1.0,0.0,0.0,1397.4722359181615,118.78774012657682,n/a,0.0,0.0,n/a,n/a,-5.0,0.0,0.0,0.0,0.0,0.0,0.0,60.20375197905259,93.61454517974826,1048.8171863226162,66.05966598306858,0.0,n/a,0.0,0.0,48.18546759155809,0.0,0.0,1.0,n/a,0.5999957847778478,176.63659777631312,3042.125019730234,8.410493260701013,52.500493260700985,0.0,0.0,0.0,-0.18361623585224152,0.7160475850105286,-0.45631733536720276,0.4837742745876312,0.8702861070632935,0.6532251238822937,0.8558828830718994,0.8344335556030273,0.747625,-68.23976601409912,n/a,n/a,n/a,n/a,n/a,-68.23976601409912,0.21838074153661727,-2605.7050239257815,1.0753866279173962e-06,-4.0,n/a,n/a,n/a,n/a,n/a,n/a,n/a,n/a,n/a,n/a,n/a,n/a,n/a,151000,49.44192123413086,n/a,n/a,83.91757726669312,0.059102249299261805,0.0,0.10947562572054038,339.0,12.0,-33.89999999999986,0.0,0.0,0.0,0.0,0.0,0.0,0.0,0.0,0.0,0.0,-4.022424868981476,0.0,1.6069938440353833,0.0,0.0,-10.000000000000163,0.0,0.0
151,152000.0,77.0,nan,nan,nan,nan,nan,nan,nan,nan,nan,n/a,nan,nan,n/a,n/a,nan,nan,nan,nan,nan,nan,nan,nan,nan,nan,nan,nan,n/a,nan,nan,nan,nan,nan,nan,n/a,nan,nan,nan,nan,nan,nan,nan,nan,nan,nan,nan,nan,nan,nan,nan,nan,nan,-67.53480387115478,n/a,n/a,n/a,n/a,n/a,-67.53480387115478,0.2237651989161968,-2607.897278808594,1.0593090869406296e-06,-4.0,n/a,n/a,n/a,n/a,n/a,n/a,n/a,n/a,n/a,n/a,n/a,n/a,n/a,152000,49.60171127319336,n/a,n/a,92.4434232711792,nan,nan,nan,nan,nan,nan,nan,nan,nan,nan,nan,nan,nan,nan,nan,nan,nan,nan,nan,nan,nan,nan,nan,nan
152,153000.0,78.0,484.9520636002873,2000.0,0.0,0.0,1.0,0.0,4.0,1361.2188640233735,120.04278438881316,n/a,-67.74263429831731,0.0,n/a,n/a,-5.0,0.0,0.0,0.0,0.0,0.0,0.0,30.91696199206051,55.96431368765062,382.27522749373753,60.308436338623736,0.0,n/a,0.0,0.0,44.354296742058246,0.0,0.0,0.0,n/a,1.8917528241943877,174.8903330915877,2950.1786042835342,34.44452353960522,34.964476460394785,0.0,0.0,0.0,-0.11013450473546982,0.8591424226760864,-0.4304765462875366,0.412637859582901,0.9129197597503662,0.4746672809123993,0.8978867530822754,0.8966665267944336,0.861,-66.85614524078369,n/a,n/a,n/a,n/a,n/a,-66.85614524078369,0.2248307654261589,-2603.23062109375,1.0435124709147204e-06,-4.0,n/a,n/a,n/a,n/a,n/a,n/a,n/a,n/a,n/a,n/a,n/a,n/a,n/a,153000,49.76204299926758,n/a,n/a,99.66035175323486,-3.6300231209481306,0.0,6.648956258823427,242.5,12.0,-24.89999999999994,0.0,0.0,0.0,-150.0,0.0,0.0,12.0,0.0,-97.28328738201883,-7.199999999999999,-6.874323390449751,0.0,10.614139279068679,0.0,0.0,-10.000000000000163,0.0,0.0
153,154000.0,78.0,nan,nan,nan,nan,nan,nan,nan,nan,nan,n/a,nan,nan,n/a,n/a,nan,nan,nan,nan,nan,nan,nan,nan,nan,nan,nan,nan,n/a,nan,nan,nan,nan,nan,nan,n/a,nan,nan,nan,nan,nan,nan,nan,nan,nan,nan,nan,nan,nan,nan,nan,nan,nan,-66.11599496459961,n/a,n/a,n/a,n/a,n/a,-66.11599496459961,0.221926660746336,-2618.432544921875,1.0279479977270968e-06,-4.0,n/a,n/a,n/a,n/a,n/a,n/a,n/a,n/a,n/a,n/a,n/a,n/a,n/a,154000,49.92183303833008,n/a,n/a,95.00242280960083,nan,nan,nan,nan,nan,nan,nan,nan,nan,nan,nan,nan,nan,nan,nan,nan,nan,nan,nan,nan,nan,nan,nan,nan
154,155000.0,79.0,2233.220347395437,2000.0,0.0,0.0,1.0,0.0,0.0,1498.3717167821899,158.34653890790804,n/a,0.0,0.0,n/a,n/a,0.0,0.0,0.0,0.0,0.0,0.0,0.0,84.36296660925385,97.28058873393243,1440.2622868405015,77.35301606201934,0.0,n/a,0.0,0.0,70.35517122963485,0.0,0.0,3.0,n/a,1.039526270415592,177.4293822500049,3044.12933751622,12.750167932904569,40.36783206709544,0.0,0.0,0.0,-0.10441422462463379,0.5886414051055908,-0.07554496079683304,0.9178221225738525,0.8642270565032959,0.7658751606941223,0.9766172170639038,0.3874143362045288,0.78025,-65.8986593170166,n/a,n/a,n/a,n/a,n/a,-65.8986593170166,0.22162661272287368,-2622.394793457031,1.0126246947947948e-06,-4.0,n/a,n/a,n/a,n/a,n/a,n/a,n/a,n/a,n/a,n/a,n/a,n/a,n/a,155000,50.08205032348633,n/a,n/a,81.73632407188416,-0.8431060088308444,0.0,8.289213137772336,453.5,12.0,0.0,0.0,0.0,0.0,0.0,0.0,0.0,0.0,0.0,0.0,0.0,-6.683738998996459,0.0,7.34394979010908,0.0,0.0,-10.000000000000163,0.0,0.0
155,156000.0,79.0,nan,nan,nan,nan,nan,nan,nan,nan,nan,n/a,nan,nan,n/a,n/a,nan,nan,nan,nan,nan,nan,nan,nan,nan,nan,nan,nan,n/a,nan,nan,nan,nan,nan,nan,n/a,nan,nan,nan,nan,nan,nan,nan,nan,nan,nan,nan,nan,nan,nan,nan,nan,nan,-65.80316735839844,n/a,n/a,n/a,n/a,n/a,-65.80316735839844,0.22333747506141663,-2633.30523046875,9.975077077797322e-07,-4.0,n/a,n/a,n/a,n/a,n/a,n/a,n/a,n/a,n/a,n/a,n/a,n/a,n/a,156000,50.24191665649414,n/a,n/a,94.2107150554657,nan,nan,nan,nan,nan,nan,nan,nan,nan,nan,nan,nan,nan,nan,nan,nan,nan,nan,nan,nan,nan,nan,nan,nan
156,157000.0,80.0,2403.411203125328,2000.0,0.0,0.0,1.0,0.0,6.0,987.8303134825319,157.93503366672778,n/a,7.610498794144137,0.0,n/a,n/a,0.0,0.0,0.0,0.0,0.0,0.0,0.0,124.51711049384089,163.72670316553422,1352.252995772282,97.79168127285345,0.0,n/a,0.0,0.0,101.18927738199694,0.0,0.0,3.0,n/a,9.269486224490501,172.7030437137572,3326.166983091273,3.4206470578360544,10.123647057836049,0.0,0.0,0.0,0.05273820832371712,0.8097774982452393,-0.24304834008216858,0.8596560955047607,0.8450026512145996,0.553558349609375,0.9424225687980652,0.49157169461250305,0.75175,-65.69138368225097,n/a,n/a,n/a,n/a,n/a,-65.69138368225097,0.22812374812364578,-2631.1311704101563,9.826394325500588e-07,-4.0,n/a,n/a,n/a,n/a,n/a,n/a,n/a,n/a,n/a,n/a,n/a,n/a,n/a,157000,50.4017448425293,n/a,n/a,102.19432997703552,0.8184973301092137,0.0,44.41052631352425,451.25,12.0,0.0,0.0,0.0,0.0,0.0,0.0,0.0,12.0,0.0,0.0,-1.6,-7.70863503222888,0.0,55.1525476332302,0.0,0.0,-10.000000000000163,0.0,0.0
157,158000.0,80.0,nan,nan,nan,nan,nan,nan,nan,nan,nan,n/a,nan,nan,n/a,n/a,nan,nan,nan,nan,nan,nan,nan,nan,nan,nan,nan,nan,n/a,nan,nan,nan,nan,nan,nan,n/a,nan,nan,nan,nan,nan,nan,nan,nan,nan,nan,nan,nan,nan,nan,nan,nan,nan,-65.79993965148925,n/a,n/a,n/a,n/a,n/a,-65.79993965148925,0.22548186314105986,-2642.368236328125,9.67970621331915e-07,-4.0,n/a,n/a,n/a,n/a,n/a,n/a,n/a,n/a,n/a,n/a,n/a,n/a,n/a,158000,50.5620002746582,n/a,n/a,100.2865698337555,nan,nan,nan,nan,nan,nan,nan,nan,nan,nan,nan,nan,nan,nan,nan,nan,nan,nan,nan,nan,nan,nan,nan,nan
158,159000.0,81.0,1919.8718333968707,2000.0,0.0,0.0,1.0,0.0,1.0,1453.2165494648923,69.17253503463141,n/a,2.0390004551749663,0.0,n/a,n/a,0.0,0.0,0.0,0.0,0.0,0.0,0.0,70.18138528631934,52.97823903571624,1235.7457963341492,54.47276149449803,0.0,n/a,0.0,0.0,101.4509228276853,0.0,0.0,3.0,n/a,0.1501977693147703,176.95835913380589,3242.2023998243762,9.842837080079068,17.979837080079065,0.0,0.0,0.0,0.055976785719394684,0.7914580702781677,-0.5542914867401123,0.7943546175956726,0.8184628486633301,0.540896475315094,0.8244865536689758,0.5835490822792053,0.718625,-65.70690102386475,n/a,n/a,n/a,n/a,n/a,-65.70690102386475,0.2255672295987606,-2645.63541796875,9.535441944308331e-07,-4.0,n/a,n/a,n/a,n/a,n/a,n/a,n/a,n/a,n/a,n/a,n/a,n/a,n/a,159000,50.7217903137207,n/a,n/a,87.21786880493164,-4.505056092421262,0.0,12.444605575342525,375.25,12.0,0.0,0.0,0.0,0.0,0.0,0.0,0.0,12.0,0.0,0.0,0.0,-4.945594981370184,0.0,10.759773461750129,0.0,0.0,-10.000000000000163,0.0,0.0
159,160000.0,81.0,nan,nan,nan,nan,nan,nan,nan,nan,nan,n/a,nan,nan,n/a,n/a,nan,nan,nan,nan,nan,nan,nan,nan,nan,nan,nan,nan,n/a,nan,nan,nan,nan,nan,nan,n/a,nan,nan,nan,nan,nan,nan,nan,nan,nan,nan,nan,nan,nan,nan,nan,nan,nan,-66.06356917572022,n/a,n/a,n/a,n/a,n/a,-66.06356917572022,0.22392284846305846,-2648.6909931640625,9.393415763270241e-07,-4.0,n/a,n/a,n/a,n/a,n/a,n/a,n/a,n/a,n/a,n/a,n/a,n/a,n/a,160000,50.88150405883789,n/a,n/a,89.74774098396301,nan,nan,nan,nan,nan,nan,nan,nan,nan,nan,nan,nan,nan,nan,nan,nan,nan,nan,nan,nan,nan,nan,nan,nan
160,161000.0,82.0,2363.4122428050855,2000.0,0.0,0.0,1.0,0.0,12.0,1085.1526743965967,102.40943014610228,n/a,14.548578634843954,0.0,n/a,n/a,-5.0,0.0,0.0,0.0,0.0,0.0,0.0,122.76092177851068,125.06181334596316,1381.5555752650596,77.63736482384695,0.0,n/a,0.0,0.0,83.18629555762986,0.0,0.0,1.0,n/a,4.100906175101234,168.63803359924606,3345.4648234444116,0.014291911232412512,37.41329191123242,0.0,0.0,0.0,-0.04370127245783806,0.6502009034156799,0.2760944068431854,0.8259497284889221,0.8612739443778992,0.7154613137245178,0.9340431690216064,0.5535866618156433,0.748375,-65.75083959197998,n/a,n/a,n/a,n/a,n/a,-65.75083959197998,0.2209458914399147,-2645.9393266601564,9.253495848042803e-07,-4.0,n/a,n/a,n/a,n/a,n/a,n/a,n/a,n/a,n/a,n/a,n/a,n/a,n/a,161000,51.04183578491211,n/a,n/a,105.93434572219849,1.8276480344087873,0.0,41.16110025817347,473.5,12.0,0.0,0.0,0.0,0.0,0.0,0.0,0.0,12.0,0.0,0.0,0.0,-4.384522063695236,0.0,37.557467170300164,0.0,0.0,-10.000000000000163,0.0,0.0
161,162000.0,82.0,nan,nan,nan,nan,nan,nan,nan,nan,nan,n/a,nan,nan,n/a,n/a,nan,nan,nan,nan,nan,nan,nan,nan,nan,nan,nan,nan,n/a,nan,nan,nan,nan,nan,nan,n/a,nan,nan,nan,nan,nan,nan,nan,nan,nan,nan,nan,nan,nan,nan,nan,nan,nan,-65.55983516693115,n/a,n/a,n/a,n/a,n/a,-65.55983516693115,0.22129522413015365,-2632.703125,9.116484033029337e-07,-4.0,n/a,n/a,n/a,n/a,n/a,n/a,n/a,n/a,n/a,n/a,n/a,n/a,n/a,162000,51.20162582397461,n/a,n/a,100.93314862251282,nan,nan,nan,nan,nan,nan,nan,nan,nan,nan,nan,nan,nan,nan,nan,nan,nan,nan,nan,nan,nan,nan,nan,nan
162,163000.0,83.0,2430.2590422458584,2000.0,0.0,0.0,1.0,0.0,5.0,1064.6250427776802,132.61007407204164,n/a,9.705473022751852,0.0,n/a,n/a,-5.0,0.0,0.0,0.0,0.0,0.0,0.0,126.73286940818576,142.173745016188,1402.1723331204757,91.89178878319943,0.0,n/a,0.0,0.0,104.2531253828106,0.0,0.0,3.0,n/a,3.0705106371078914,178.0359048170936,3431.519763392613,17.286553648243213,0.48344635175679984,0.0,0.0,0.0,0.02523505873978138,0.7691614031791687,0.03109736181795597,0.8726750612258911,0.8515585064888,0.6061371564865112,0.9705819487571716,0.46583980321884155,0.761875,-65.97175447845459,n/a,n/a,n/a,n/a,n/a,-65.97175447845459,0.2199120542407036,-2626.7064907226563,8.981953552620325e-07,-4.0,n/a,n/a,n/a,n/a,n/a,n/a,n/a,n/a,n/a,n/a,n/a,n/a,n/a,163000,51.361881256103516,n/a,n/a,86.6631727218628,-0.9136253504772669,0.0,42.201516896845995,461.75,12.0,0.0,0.0,0.0,0.0,0.0,0.0,0.0,12.0,0.0,0.0,-2.4000000000000004,-6.748124110011009,0.0,50.43994007584216,0.0,0.0,-10.000000000000163,0.0,0.0
163,164000.0,84.0,3506.6082113814628,1595.0,1.0,0.0,0.0,0.0,185.0,940.3579709857769,143.76239694456393,n/a,180.60111533826299,0.0,n/a,n/a,0.0,0.0,0.0,0.0,0.0,0.0,0.0,210.66695059934972,803.5093990614996,1144.4311405904912,90.11840396509353,0.0,n/a,0.0,0.0,66.07985396004192,0.0,0.0,0.0,n/a,5.631837917081895,177.4191454301586,3326.745185207155,0.0660549958128947,29.564945004187102,0.0,0.0,0.0,0.02699618972837925,0.8196613788604736,-0.09061059355735779,0.6058399081230164,0.8456992506980896,0.38865503668785095,0.7388308644294739,0.7090147137641907,0.4489028213166144,-67.26223149108887,n/a,n/a,n/a,n/a,n/a,-67.26223149108887,0.21966443547606468,-2609.128349121094,8.849680642697422e-07,-4.0,n/a,n/a,n/a,n/a,n/a,n/a,n/a,n/a,n/a,n/a,n/a,n/a,n/a,164000,51.52182388305664,n/a,n/a,106.15576410293579,1.1462365774226446,0.0,188.95874151168206,380.75,12.0,0.0,0.0,0.0,0.0,0.0,0.0,0.0,12.0,0.0,0.0,-3.2,-8.619205793903651,0.0,336.1405755714945,0.0,0.0,-7.974999999999852,100.0,0.0
164,165000.0,84.0,nan,nan,nan,nan,nan,nan,nan,nan,nan,n/a,nan,nan,n/a,n/a,nan,nan,nan,nan,nan,nan,nan,nan,nan,nan,nan,nan,n/a,nan,nan,nan,nan,nan,nan,n/a,nan,nan,nan,nan,nan,nan,nan,nan,nan,nan,nan,nan,nan,nan,nan,nan,nan,-67.30681064605713,n/a,n/a,n/a,n/a,n/a,-67.30681064605713,0.22008497822284698,-2605.422678222656,8.719587391396999e-07,-4.0,n/a,n/a,n/a,n/a,n/a,n/a,n/a,n/a,n/a,n/a,n/a,n/a,n/a,165000,51.6816520690918,n/a,n/a,94.10537147521973,nan,nan,nan,nan,nan,nan,nan,nan,nan,nan,nan,nan,nan,nan,nan,nan,nan,nan,nan,nan,nan,nan,nan,nan
165,166000.0,85.0,3453.0328168246183,1654.0,1.0,0.0,0.0,0.0,208.0,1261.8783042822006,235.16773805415306,n/a,180.13128541271593,0.0,n/a,n/a,0.0,0.0,0.0,0.0,0.0,0.0,0.0,183.39618409061512,763.7855592505862,1169.8794511209776,88.44120244886987,0.0,n/a,0.0,0.0,67.01952691390056,0.0,0.0,0.0,n/a,8.802915745066802,173.87207415119045,3081.9919974590175,4.593130160092881,29.27286983990711,0.0,0.0,0.0,0.013450059108436108,0.7064456939697266,-0.08781501650810242,0.6369375586509705,0.8736807107925415,0.6012354493141174,0.8472228646278381,0.6679605841636658,0.5411124546553809,-67.53719304656983,n/a,n/a,n/a,n/a,n/a,-67.53719304656983,0.22147278186678887,-2602.100796875,8.591251038296832e-07,-4.0,n/a,n/a,n/a,n/a,n/a,n/a,n/a,n/a,n/a,n/a,n/a,n/a,n/a,166000,51.84186935424805,n/a,n/a,210.18781399726868,0.5546940542127976,0.0,174.79270143622165,388.25,12.0,0.0,0.0,0.0,0.0,0.0,0.0,0.0,12.0,0.0,0.0,0.0,-0.7738996038524288,0.0,321.8261117003452,0.0,0.0,-8.269999999999893,100.0,0.0
166,167000.0,85.0,nan,nan,nan,nan,nan,nan,nan,nan,nan,n/a,nan,nan,n/a,n/a,nan,nan,nan,nan,nan,nan,nan,nan,nan,nan,nan,nan,n/a,nan,nan,nan,nan,nan,nan,n/a,nan,nan,nan,nan,nan,nan,nan,nan,nan,nan,nan,nan,nan,nan,nan,nan,nan,-66.99211722564698,n/a,n/a,n/a,n/a,n/a,-66.99211722564698,0.21898799669742583,-2609.6271186523436,8.46438844291697e-07,-4.0,n/a,n/a,n/a,n/a,n/a,n/a,n/a,n/a,n/a,n/a,n/a,n/a,n/a,167000,52.00165939331055,n/a,n/a,137.3052477836609,nan,nan,nan,nan,nan,nan,nan,nan,nan,nan,nan,nan,nan,nan,nan,nan,nan,nan,nan,nan,nan,nan,nan,nan
167,168000.0,86.0,2634.129634394929,2000.0,0.0,0.0,1.0,0.0,0.0,665.9392960013378,111.12979303676696,n/a,0.0,0.0,n/a,n/a,0.0,0.0,0.0,0.0,0.0,0.0,0.0,208.53084834179847,217.98434616066373,1426.2733024467361,83.37062624769403,0.0,n/a,0.0,0.0,103.51703861083739,0.0,0.0,0.0,n/a,1.2487105620694277,178.19310425902523,3307.465217320518,14.724256626853784,24.741256626853783,0.0,0.0,0.0,-0.2320086658000946,0.8250540494918823,-0.5815200209617615,0.7199100852012634,0.7784693241119385,0.42327314615249634,0.716539740562439,0.6261009573936462,0.5215,-67.02271185302735,n/a,n/a,n/a,n/a,n/a,-67.02271185302735,0.2197753666639328,-2611.1567060546877,8.338846539572841e-07,-4.0,n/a,n/a,n/a,n/a,n/a,n/a,n/a,n/a,n/a,n/a,n/a,n/a,n/a,168000,52.16144943237305,n/a,n/a,142.80069518089294,0.37925834500401556,0.0,64.57922091301779,470.75,12.0,0.0,0.0,0.0,0.0,0.0,0.0,0.0,0.0,0.0,0.0,-6.3999999999999995,-6.325696067378602,0.0,69.47068939650833,0.0,0.0,-10.000000000000163,0.0,0.0
168,169000.0,86.0,nan,nan,nan,nan,nan,nan,nan,nan,nan,n/a,nan,nan,n/a,n/a,nan,nan,nan,nan,nan,nan,nan,nan,nan,nan,nan,nan,n/a,nan,nan,nan,nan,nan,nan,n/a,nan,nan,nan,nan,nan,nan,nan,nan,nan,nan,nan,nan,nan,nan,nan,nan,nan,-66.43924257659913,n/a,n/a,n/a,n/a,n/a,-66.43924257659913,0.21972256937623025,-2616.1135366210938,8.215161249154334e-07,-4.0,n/a,n/a,n/a,n/a,n/a,n/a,n/a,n/a,n/a,n/a,n/a,n/a,n/a,169000,52.321781158447266,n/a,n/a,161.62484741210938,nan,nan,nan,nan,nan,nan,nan,nan,nan,nan,nan,nan,nan,nan,nan,nan,nan,nan,nan,nan,nan,nan,nan,nan
169,170000.0,87.0,2075.9158292170728,2000.0,0.0,0.0,1.0,0.0,0.0,1349.076227226142,197.7591809836443,n/a,0.0,0.0,n/a,n/a,0.0,0.0,0.0,0.0,0.0,0.0,0.0,56.88441286995827,84.80288020295276,1312.4100446118632,67.254617049149,0.0,n/a,0.0,0.0,42.006813211288375,0.0,0.0,3.0,n/a,1.1701641109923282,175.7815017345484,2939.3520029482866,8.390982206192419,57.95701779380758,0.0,0.0,0.0,0.12258593738079071,0.9360231757164001,-0.46383732557296753,0.8689215779304504,0.8466594219207764,0.3415657877922058,0.8307579159736633,0.48231178522109985,0.77275,-67.01179816436768,n/a,n/a,n/a,n/a,n/a,-67.01179816436768,0.21728736251592637,-2617.5438071289063,8.093308680372502e-07,-4.0,n/a,n/a,n/a,n/a,n/a,n/a,n/a,n/a,n/a,n/a,n/a,n/a,n/a,170000,52.481571197509766,n/a,n/a,180.20937204360962,-0.06360862072425212,0.0,14.172823522272754,480.25,12.0,0.0,0.0,0.0,0.0,0.0,0.0,0.0,0.0,0.0,0.0,0.0,-2.33231037190024,0.0,18.53015674216847,0.0,0.0,-10.000000000000163,0.0,0.0
170,171000.0,87.0,nan,nan,nan,nan,nan,nan,nan,nan,nan,n/a,nan,nan,n/a,n/a,nan,nan,nan,nan,nan,nan,nan,nan,nan,nan,nan,nan,n/a,nan,nan,nan,nan,nan,nan,n/a,nan,nan,nan,nan,nan,nan,nan,nan,nan,nan,nan,nan,nan,nan,nan,nan,nan,-66.87991277313232,n/a,n/a,n/a,n/a,n/a,-66.87991277313232,0.21822290349006654,-2608.929690917969,7.973439321631304e-07,-4.0,n/a,n/a,n/a,n/a,n/a,n/a,n/a,n/a,n/a,n/a,n/a,n/a,n/a,171000,52.64167404174805,n/a,n/a,108.5647919178009,nan,nan,nan,nan,nan,nan,nan,nan,nan,nan,nan,nan,nan,nan,nan,nan,nan,nan,nan,nan,nan,nan,nan,nan
171,172000.0,88.0,2382.203663395386,2000.0,0.0,0.0,1.0,0.0,0.0,555.0075757685136,120.78570823629195,n/a,0.0,0.0,n/a,n/a,0.0,0.0,0.0,0.0,0.0,0.0,0.0,156.4581602388798,131.81121103071007,1453.3265242609314,-6.539336581950109,0.0,n/a,0.0,0.0,88.8966859904029,0.0,0.0,0.0,n/a,3.896414495267568,179.8600078902736,3420.9926636077025,98.13639738968891,61.7713973896889,0.0,0.0,0.0,-0.2100672423839569,0.8750637173652649,-0.5982537865638733,0.7729631662368774,0.7776603698730469,0.31049925088882446,0.7651592493057251,0.5655375123023987,0.568375,-67.11005967712403,n/a,n/a,n/a,n/a,n/a,-67.11005967712403,0.21876934254169464,-2607.6535375976564,7.855513476897613e-07,-4.0,n/a,n/a,n/a,n/a,n/a,n/a,n/a,n/a,n/a,n/a,n/a,n/a,n/a,172000,52.80142593383789,n/a,n/a,154.66204380989075,-9.63169042304194,0.0,40.1566091980239,485.5,12.0,0.0,0.0,0.0,0.0,0.0,0.0,0.0,0.0,0.0,0.0,-2.4000000000000004,-4.399295200634332,0.0,47.02479488202148,0.0,0.0,-10.000000000000163,0.0,0.0
172,173000.0,88.0,nan,nan,nan,nan,nan,nan,nan,nan,nan,n/a,nan,nan,n/a,n/a,nan,nan,nan,nan,nan,nan,nan,nan,nan,nan,nan,nan,n/a,nan,nan,nan,nan,nan,nan,n/a,nan,nan,nan,nan,nan,nan,nan,nan,nan,nan,nan,nan,nan,nan,nan,nan,nan,-66.71256872558594,n/a,n/a,n/a,n/a,n/a,-66.71256872558594,0.21881031075119972,-2611.967170410156,7.73916002799524e-07,-4.0,n/a,n/a,n/a,n/a,n/a,n/a,n/a,n/a,n/a,n/a,n/a,n/a,n/a,173000,52.961368560791016,n/a,n/a,149.9205458164215,nan,nan,nan,nan,nan,nan,nan,nan,nan,nan,nan,nan,nan,nan,nan,nan,nan,nan,nan,nan,nan,nan,nan,nan
