iter,sampled_steps,episodes,reward_mean,ep_len_mean,win_rate,loss_rate,timeout_rate,crash_rate,ep_wez_steps,ep_mean_distance,ep_min_distance,ep_reward_pursuit,ep_reward_damage,ep_reward_safety,ep_reward_energy_throttle,ep_reward_survival,ep_reward_merge_cross,ep_reward_merge_handoff,ep_reward_merge_handoff_once,ep_reward_merge_turnin,ep_reward_reacquire_turnin,ep_reward_merge_stalemate,ep_reward_attack_band,ep_reward_front_hold,ep_reward_aim_hold,ep_reward_angle_advantage,ep_reward_angle_advantage_progress,ep_reward_cutin_success,ep_reward_cutin_control,ep_reward_terminal_angle_gain,ep_reward_terminal_ata_gain,ep_reward_range_progress,ep_reward_lost,ep_altitude_penalty_steps,initial_scenario_index,initial_alpha_deg,initial_ata_deg,initial_aa_deg,initial_distance_m,final_ata_deg,final_aa_deg,headon_guard_fail,cutin_handback_success,bt_preroll_detected,action_roll_mean,action_pitch_mean,action_rudder_mean,action_throttle_mean,action_roll_std,action_pitch_std,action_rudder_std,action_throttle_std,action_sat_rate,policy_loss,vf_loss,entropy,kl,clip_frac,explained_var,actor_loss,critic_loss,alpha_loss,alpha,target_entropy,curriculum_actor_frozen,curriculum_fresh_steps,curriculum_actor_update_applied,curriculum_learner_updates,curriculum_actor_anchor_mse,curriculum_actor_anchor_loss,curriculum_gunline_fraction,curriculum_actor_anchor_fraction,curriculum_residual_gate_fraction,curriculum_residual_mean_abs_delta,curriculum_counter_rate_fraction,curriculum_counter_rate_logit_error,curriculum_counter_rate_logit_loss,replay_buffer_size,replay_buffer_memory_mb,env_steps_per_sec,learner_steps_per_sec,iteration_time_s,ep_reward_alignment_progress,ep_reward_alt_advantage,ep_reward_attack_funnel,ep_reward_bridge_entry,ep_reward_bridge_entry_once,ep_reward_bridge_stalemate,ep_reward_close_overspeed,ep_reward_cutin_tail_hold,ep_reward_cutin_tail_hold_progress,ep_reward_danger_exposure,ep_reward_escape_opening,ep_reward_far_range,ep_reward_first_blood,ep_reward_gun_window,ep_reward_overshoot,ep_reward_phase_gate,ep_reward_projected_deck_risk,ep_reward_reacquire,ep_reward_step,ep_reward_terminal,ep_reward_terminal_cone
0,1000.0,0.0,n/a,n/a,n/a,n/a,n/a,n/a,n/a,n/a,n/a,n/a,n/a,n/a,n/a,n/a,n/a,n/a,n/a,n/a,n/a,n/a,n/a,n/a,n/a,n/a,n/a,n/a,n/a,n/a,n/a,n/a,n/a,n/a,n/a,n/a,n/a,n/a,n/a,n/a,n/a,n/a,n/a,n/a,n/a,n/a,n/a,n/a,n/a,n/a,n/a,n/a,n/a,n/a,n/a,n/a,n/a,n/a,n/a,n/a,n/a,n/a,n/a,n/a,n/a,n/a,n/a,n/a,n/a,n/a,n/a,n/a,n/a,n/a,n/a,n/a,n/a,1000,20.41946506500244,n/a,n/a,15.332865238189697,,,,,,,,,,,,,,,,,,,,,
1,2000.0,0.0,n/a,n/a,n/a,n/a,n/a,n/a,n/a,n/a,n/a,n/a,n/a,n/a,n/a,n/a,n/a,n/a,n/a,n/a,n/a,n/a,n/a,n/a,n/a,n/a,n/a,n/a,n/a,n/a,n/a,n/a,n/a,n/a,n/a,n/a,n/a,n/a,n/a,n/a,n/a,n/a,n/a,n/a,n/a,n/a,n/a,n/a,n/a,n/a,n/a,n/a,n/a,n/a,n/a,n/a,n/a,n/a,n/a,-40.085764394813324,0.7376383374411747,-2310.728515625,9.962815571031617e-06,-4.0,n/a,n/a,n/a,n/a,n/a,n/a,n/a,n/a,n/a,n/a,n/a,n/a,n/a,2000,20.675395965576172,n/a,n/a,33.4608850479126,,,,,,,,,,,,,,,,,,,,,
2,3000.0,0.0,n/a,n/a,n/a,n/a,n/a,n/a,n/a,n/a,n/a,n/a,n/a,n/a,n/a,n/a,n/a,n/a,n/a,n/a,n/a,n/a,n/a,n/a,n/a,n/a,n/a,n/a,n/a,n/a,n/a,n/a,n/a,n/a,n/a,n/a,n/a,n/a,n/a,n/a,n/a,n/a,n/a,n/a,n/a,n/a,n/a,n/a,n/a,n/a,n/a,n/a,n/a,n/a,n/a,n/a,n/a,n/a,n/a,-74.4160666885376,0.3777246797680855,-2030.8586127929686,9.856462047537207e-06,-4.0,n/a,n/a,n/a,n/a,n/a,n/a,n/a,n/a,n/a,n/a,n/a,n/a,n/a,3000,20.906009674072266,n/a,n/a,49.98211479187012,,,,,,,,,,,,,,,,,,,,,
3,4000.0,2.0,2784.343634445526,2000.0,0.0,0.0,1.0,0.0,5.5,1085.348146265013,317.55170792820525,n/a,6.887403353382534,0.0,n/a,n/a,0.0,0.0,0.0,0.0,605.893564192091,0.0,0.0,150.05629547390063,307.21126953065186,1141.6912889626744,119.87015830446032,0.0,n/a,0.0,0.0,53.274893958827036,0.0,0.0,5.0,n/a,140.04604349627425,74.10460694294471,2073.246081997905,7.145983169213012,45.021983169213016,0.0,0.0,0.0,-0.2354690432548523,0.7288011610507965,-0.04983063042163849,0.4834095388650894,0.7513050138950348,0.5662554502487183,0.9304939806461334,0.8297601342201233,0.6343749999999999,n/a,n/a,n/a,n/a,n/a,n/a,-100.34366053771973,0.24899537917971612,-1706.0040263671874,9.726043475893675e-06,-4.0,n/a,n/a,n/a,n/a,n/a,n/a,n/a,n/a,n/a,n/a,n/a,n/a,n/a,4000,21.06576156616211,n/a,n/a,64.40515494346619,14.91399976085527,-36.60814578120001,33.031326362385606,373.375,12.0,-8.030000000000001,0.0,0.0,0.0,-21.00000000000002,0.0,0.0,0.0,0.0,0.0,41.776580327466746,0.0,0.0,-10.000000000000163,0.0,0.0
4,5000.0,2.0,nan,nan,nan,nan,nan,nan,nan,nan,nan,n/a,nan,nan,n/a,n/a,nan,nan,nan,nan,nan,nan,nan,nan,nan,nan,nan,nan,n/a,nan,nan,nan,nan,nan,nan,n/a,nan,nan,nan,nan,nan,nan,nan,nan,nan,nan,nan,nan,nan,nan,nan,nan,nan,n/a,n/a,n/a,n/a,n/a,n/a,-75.8777872390747,0.29764463877677916,-1868.0982009277343,9.595865836672601e-06,-4.0,n/a,n/a,n/a,n/a,n/a,n/a,n/a,n/a,n/a,n/a,n/a,n/a,n/a,5000,21.225666046142578,n/a,n/a,47.35006046295166,nan,nan,nan,nan,nan,nan,nan,nan,nan,nan,nan,nan,nan,nan,nan,nan,nan,nan,nan,nan,nan
5,6000.0,2.0,nan,nan,nan,nan,nan,nan,nan,nan,nan,n/a,nan,nan,n/a,n/a,nan,nan,nan,nan,nan,nan,nan,nan,nan,nan,nan,nan,n/a,nan,nan,nan,nan,nan,nan,n/a,nan,nan,nan,nan,nan,nan,nan,nan,nan,nan,nan,nan,nan,nan,nan,nan,nan,n/a,n/a,n/a,n/a,n/a,n/a,-56.70876456451416,0.4003852764368057,-2126.5561313476564,9.4421376761602e-06,-4.0,n/a,n/a,n/a,n/a,n/a,n/a,n/a,n/a,n/a,n/a,n/a,n/a,n/a,6000,21.52646255493164,n/a,n/a,50.132373571395874,nan,nan,nan,nan,nan,nan,nan,nan,nan,nan,nan,nan,nan,nan,nan,nan,nan,nan,nan,nan,nan
6,7000.0,2.0,nan,nan,nan,nan,nan,nan,nan,nan,nan,n/a,nan,nan,n/a,n/a,nan,nan,nan,nan,nan,nan,nan,nan,nan,nan,nan,nan,n/a,nan,nan,nan,nan,nan,nan,n/a,nan,nan,nan,nan,nan,nan,nan,nan,nan,nan,nan,nan,nan,nan,nan,nan,nan,n/a,n/a,n/a,n/a,n/a,n/a,-77.05779943847656,0.3112848120927811,-1906.0802666015625,9.299358955104253e-06,-4.0,n/a,n/a,n/a,n/a,n/a,n/a,n/a,n/a,n/a,n/a,n/a,n/a,n/a,7000,21.686290740966797,n/a,n/a,54.39963221549988,nan,nan,nan,nan,nan,nan,nan,nan,nan,nan,nan,nan,nan,nan,nan,nan,nan,nan,nan,nan,nan
7,8000.0,4.0,2493.181994910912,2000.0,0.0,0.0,1.0,0.0,59.0,1242.3695204015942,75.6533674672101,n/a,-3.6838262751806368,-0.1614143163999999,n/a,n/a,0.0,0.0,0.0,0.0,559.6773825430016,0.0,0.0,128.97549173767672,327.2708608779272,967.6375305257043,130.89633014668098,0.0,n/a,0.0,0.0,35.20724750902399,0.0,29.0,4.0,n/a,134.39926308092137,84.94128668978814,2343.871840143871,5.642807464704896,35.98904454052958,0.0,0.0,0.0,-0.20355285704135895,0.5465953350067139,0.28901415318250656,0.2282111570239067,0.7738437950611115,0.7358208894729614,0.8976216912269592,0.9329660832881927,0.62375,n/a,n/a,n/a,n/a,n/a,n/a,-91.41716130065917,0.3016820540726185,-1726.1701354980469,9.17006690360722e-06,-4.0,n/a,n/a,n/a,n/a,n/a,n/a,n/a,n/a,n/a,n/a,n/a,n/a,n/a,8000,21.846004486083984,n/a,n/a,70.68590426445007,19.193819073439514,-23.017964209950023,8.387005882282693,291.875,12.0,-11.770000000000008,0.0,0.0,0.0,-8.099999999999998,0.0,0.0,0.0,0.0,0.0,68.79453141668704,0.0,0.0,-10.000000000000163,0.0,0.0
8,9000.0,4.0,nan,nan,nan,nan,nan,nan,nan,nan,nan,n/a,nan,nan,n/a,n/a,nan,nan,nan,nan,nan,nan,nan,nan,nan,nan,nan,nan,n/a,nan,nan,nan,nan,nan,nan,n/a,nan,nan,nan,nan,nan,nan,nan,nan,nan,nan,nan,nan,nan,nan,nan,nan,nan,n/a,n/a,n/a,n/a,n/a,n/a,-76.84373963165284,0.36777306807041166,-1826.7446579589844,9.043770305652287e-06,-4.0,n/a,n/a,n/a,n/a,n/a,n/a,n/a,n/a,n/a,n/a,n/a,n/a,n/a,9000,22.006450653076172,n/a,n/a,46.63402605056763,nan,nan,nan,nan,nan,nan,nan,nan,nan,nan,nan,nan,nan,nan,nan,nan,nan,nan,nan,nan,nan
9,10000.0,4.0,nan,nan,nan,nan,nan,nan,nan,nan,nan,n/a,nan,nan,n/a,n/a,nan,nan,nan,nan,nan,nan,nan,nan,nan,nan,nan,nan,n/a,nan,nan,nan,nan,nan,nan,n/a,nan,nan,nan,nan,nan,nan,nan,nan,nan,nan,nan,nan,nan,nan,nan,nan,nan,n/a,n/a,n/a,n/a,n/a,n/a,-77.22580401611329,0.4268129833638668,-1890.683436767578,8.907601240935037e-06,-4.0,n/a,n/a,n/a,n/a,n/a,n/a,n/a,n/a,n/a,n/a,n/a,n/a,n/a,10000,22.166202545166016,n/a,n/a,51.26419472694397,nan,nan,nan,nan,nan,nan,nan,nan,nan,nan,nan,nan,nan,nan,nan,nan,nan,nan,nan,nan,nan
10,11000.0,4.0,nan,nan,nan,nan,nan,nan,nan,nan,nan,n/a,nan,nan,n/a,n/a,nan,nan,nan,nan,nan,nan,nan,nan,nan,nan,nan,nan,n/a,nan,nan,nan,nan,nan,nan,n/a,nan,nan,nan,nan,nan,nan,nan,nan,nan,nan,nan,nan,nan,nan,nan,nan,nan,n/a,n/a,n/a,n/a,n/a,n/a,-86.96751841735839,0.2586879403889179,-1829.3452121582031,8.77597522776341e-06,-4.0,n/a,n/a,n/a,n/a,n/a,n/a,n/a,n/a,n/a,n/a,n/a,n/a,n/a,11000,22.607677459716797,n/a,n/a,55.584715604782104,nan,nan,nan,nan,nan,nan,nan,nan,nan,nan,nan,nan,nan,nan,nan,nan,nan,nan,nan,nan,nan
11,12000.0,6.0,2770.03437271239,2000.0,0.0,0.0,1.0,0.0,31.0,1120.2916659760467,241.7545395298156,n/a,6.125000112411931,0.0,n/a,n/a,0.0,0.0,0.0,0.0,586.5439856649288,0.0,0.0,167.67938208194525,402.5273601787067,1056.4351644350638,121.04091491816953,0.0,n/a,0.0,0.0,17.215752238620066,0.0,0.0,2.0,n/a,114.67826879233493,89.98281486482435,1313.6346725948172,4.698603157229484,47.77260315722948,0.0,0.0,0.0,-0.17208276689052582,0.7821218371391296,0.025954023003578186,0.42205965518951416,0.7367246448993683,0.4571727365255356,0.895132303237915,0.829296737909317,0.558875,n/a,n/a,n/a,n/a,n/a,n/a,-97.35810906982422,0.24729579484462738,-1796.7149655761718,8.648303984955418e-06,-4.0,n/a,n/a,n/a,n/a,n/a,n/a,n/a,n/a,n/a,n/a,n/a,n/a,n/a,12000,22.76742935180664,n/a,n/a,68.23063945770264,14.030775179965168,-7.121449009499982,26.80260809647236,361.75,12.0,-9.460000000000003,0.0,0.0,0.0,-50.09999999999988,0.0,0.0,0.0,0.0,0.0,74.56487881558171,0.0,0.0,-10.000000000000163,0.0,0.0
12,13000.0,6.0,nan,nan,nan,nan,nan,nan,nan,nan,nan,n/a,nan,nan,n/a,n/a,nan,nan,nan,nan,nan,nan,nan,nan,nan,nan,nan,nan,n/a,nan,nan,nan,nan,nan,nan,n/a,nan,nan,nan,nan,nan,nan,nan,nan,nan,nan,nan,nan,nan,nan,nan,nan,nan,n/a,n/a,n/a,n/a,n/a,n/a,-92.96473234558106,0.24505207693576814,-1856.8376000976561,8.521839421518962e-06,-4.0,n/a,n/a,n/a,n/a,n/a,n/a,n/a,n/a,n/a,n/a,n/a,n/a,n/a,13000,22.92733383178711,n/a,n/a,48.380460023880005,nan,nan,nan,nan,nan,nan,nan,nan,nan,nan,nan,nan,nan,nan,nan,nan,nan,nan,nan,nan,nan
13,14000.0,6.0,nan,nan,nan,nan,nan,nan,nan,nan,nan,n/a,nan,nan,n/a,n/a,nan,nan,nan,nan,nan,nan,nan,nan,nan,nan,nan,nan,n/a,nan,nan,nan,nan,nan,nan,n/a,nan,nan,nan,nan,nan,nan,nan,nan,nan,nan,nan,nan,nan,nan,nan,nan,nan,n/a,n/a,n/a,n/a,n/a,n/a,-84.38789268493652,0.3520222187936306,-1968.7940629882812,8.390135870286031e-06,-4.0,n/a,n/a,n/a,n/a,n/a,n/a,n/a,n/a,n/a,n/a,n/a,n/a,n/a,14000,23.08755111694336,n/a,n/a,52.58383131027222,nan,nan,nan,nan,nan,nan,nan,nan,nan,nan,nan,nan,nan,nan,nan,nan,nan,nan,nan,nan,nan
14,15000.0,6.0,nan,nan,nan,nan,nan,nan,nan,nan,nan,n/a,nan,nan,n/a,n/a,nan,nan,nan,nan,nan,nan,nan,nan,nan,nan,nan,nan,n/a,nan,nan,nan,nan,nan,nan,n/a,nan,nan,nan,nan,nan,nan,nan,nan,nan,nan,nan,nan,nan,nan,nan,nan,nan,n/a,n/a,n/a,n/a,n/a,n/a,-85.49591136169434,0.3807765738368034,-1975.653946044922,8.260058255473268e-06,-4.0,n/a,n/a,n/a,n/a,n/a,n/a,n/a,n/a,n/a,n/a,n/a,n/a,n/a,15000,23.247379302978516,n/a,n/a,57.89602327346802,nan,nan,nan,nan,nan,nan,nan,nan,nan,nan,nan,nan,nan,nan,nan,nan,nan,nan,nan,nan,nan
15,16000.0,8.0,2188.3210522871223,2000.0,0.0,0.0,1.0,0.0,32.0,1040.5171043798025,208.46742864976767,n/a,6.051701556830866,-0.013119367999999926,n/a,n/a,0.0,0.0,0.0,0.0,512.9412351088977,0.0,0.0,121.13299268052727,248.8973915295768,774.765838817802,121.92462404857159,0.0,n/a,0.0,0.0,41.02722960242761,0.0,11.5,3.5,n/a,130.98930920079914,77.12939511240363,1955.253024260013,4.457600826466127,42.34460082646612,0.0,0.0,0.0,-0.21538018062710762,0.6293832659721375,-0.16372342105023563,0.36587463319301605,0.7845998406410217,0.6672557592391968,0.9288028180599213,0.8857278227806091,0.6758124999999999,n/a,n/a,n/a,n/a,n/a,n/a,-94.64903755187989,0.3820730169415474,-1896.546836669922,8.136302627463011e-06,-4.0,n/a,n/a,n/a,n/a,n/a,n/a,n/a,n/a,n/a,n/a,n/a,n/a,n/a,16000,23.407054901123047,n/a,n/a,67.89939475059509,14.857316254525085,-27.042431470349992,36.25012427536572,286.25,12.0,-13.75,0.0,0.0,0.0,-0.8999999999999999,0.0,0.0,0.0,0.0,0.0,63.92814925093129,0.0,0.0,-10.000000000000163,0.0,0.0
16,17000.0,8.0,nan,nan,nan,nan,nan,nan,nan,nan,nan,n/a,nan,nan,n/a,n/a,nan,nan,nan,nan,nan,nan,nan,nan,nan,nan,nan,nan,n/a,nan,nan,nan,nan,nan,nan,n/a,nan,nan,nan,nan,nan,nan,nan,nan,nan,nan,nan,nan,nan,nan,nan,nan,nan,n/a,n/a,n/a,n/a,n/a,n/a,-91.62466255187988,0.36756601923704146,-1901.226412841797,8.017417057999409e-06,-4.0,n/a,n/a,n/a,n/a,n/a,n/a,n/a,n/a,n/a,n/a,n/a,n/a,n/a,17000,23.56753921508789,n/a,n/a,47.4732825756073,nan,nan,nan,nan,nan,nan,nan,nan,nan,nan,nan,nan,nan,nan,nan,nan,nan,nan,nan,nan,nan
17,18000.0,8.0,nan,nan,nan,nan,nan,nan,nan,nan,nan,n/a,nan,nan,n/a,n/a,nan,nan,nan,nan,nan,nan,nan,nan,nan,nan,nan,nan,n/a,nan,nan,nan,nan,nan,nan,n/a,nan,nan,nan,nan,nan,nan,nan,nan,nan,nan,nan,nan,nan,nan,nan,nan,nan,n/a,n/a,n/a,n/a,n/a,n/a,-93.76040817260743,0.36559914886951445,-1926.602092529297,7.89749999421474e-06,-4.0,n/a,n/a,n/a,n/a,n/a,n/a,n/a,n/a,n/a,n/a,n/a,n/a,n/a,18000,23.727291107177734,n/a,n/a,52.633899450302124,nan,nan,nan,nan,nan,nan,nan,nan,nan,nan,nan,nan,nan,nan,nan,nan,nan,nan,nan,nan,nan
18,19000.0,8.0,nan,nan,nan,nan,nan,nan,nan,nan,nan,n/a,nan,nan,n/a,n/a,nan,nan,nan,nan,nan,nan,nan,nan,nan,nan,nan,nan,n/a,nan,nan,nan,nan,nan,nan,n/a,nan,nan,nan,nan,nan,nan,nan,nan,nan,nan,nan,nan,nan,nan,nan,nan,nan,n/a,n/a,n/a,n/a,n/a,n/a,-99.43590441894531,0.27163124760985374,-1854.9792124023438,7.781428286762093e-06,-4.0,n/a,n/a,n/a,n/a,n/a,n/a,n/a,n/a,n/a,n/a,n/a,n/a,n/a,19000,23.887584686279297,n/a,n/a,58.60958194732666,nan,nan,nan,nan,nan,nan,nan,nan,nan,nan,nan,nan,nan,nan,nan,nan,nan,nan,nan,nan,nan
19,20000.0,10.0,3051.3410997792816,2000.0,0.0,0.0,1.0,0.0,5.5,1135.4693446064034,369.16603327936446,n/a,0.04314811560882544,-1.9523153797999993,n/a,n/a,0.0,0.0,0.0,0.0,621.5591351459145,0.0,0.0,183.83021447119728,444.9974241354857,1145.2034834986193,121.50123329483743,0.0,n/a,0.0,0.0,39.98097018983106,0.0,85.5,2.5,n/a,126.18310124135525,79.70123119142926,1842.6236800477136,6.14549926306289,43.7434992630629,0.0,0.0,0.0,-0.11806651949882507,0.7094460725784302,0.08102381974458694,0.5418418198823929,0.7362335622310638,0.5693170428276062,0.8859391212463379,0.7403519451618195,0.509,n/a,n/a,n/a,n/a,n/a,n/a,-104.81775610351562,0.25886218166351316,-1778.9281977539063,7.670480298656911e-06,-4.0,n/a,n/a,n/a,n/a,n/a,n/a,n/a,n/a,n/a,n/a,n/a,n/a,n/a,20000,24.04733657836914,n/a,n/a,76.86338758468628,14.9734643753166,-42.05773582650008,89.37254464180096,352.375,12.0,-6.599999999999999,0.0,0.0,0.0,-13.200000000000001,0.0,0.0,0.0,0.0,0.0,99.31453311693991,0.0,0.0,-10.000000000000163,0.0,0.0
20,21000.0,10.0,nan,nan,nan,nan,nan,nan,nan,nan,nan,n/a,nan,nan,n/a,n/a,nan,nan,nan,nan,nan,nan,nan,nan,nan,nan,nan,nan,n/a,nan,nan,nan,nan,nan,nan,n/a,nan,nan,nan,nan,nan,nan,nan,nan,nan,nan,nan,nan,nan,nan,nan,nan,nan,n/a,n/a,n/a,n/a,n/a,n/a,-102.09624224853516,0.24617617681622506,-1802.3847561035157,7.560805715002061e-06,-4.0,n/a,n/a,n/a,n/a,n/a,n/a,n/a,n/a,n/a,n/a,n/a,n/a,n/a,21000,24.20724105834961,n/a,n/a,55.370047092437744,nan,nan,nan,nan,nan,nan,nan,nan,nan,nan,nan,nan,nan,nan,nan,nan,nan,nan,nan,nan,nan
21,22000.0,10.0,nan,nan,nan,nan,nan,nan,nan,nan,nan,n/a,nan,nan,n/a,n/a,nan,nan,nan,nan,nan,nan,nan,nan,nan,nan,nan,nan,n/a,nan,nan,nan,nan,nan,nan,n/a,nan,nan,nan,nan,nan,nan,nan,nan,nan,nan,nan,nan,nan,nan,nan,nan,nan,n/a,n/a,n/a,n/a,n/a,n/a,-102.62929998779296,0.25114155501127244,-1778.9276193847656,7.450542057995335e-06,-4.0,n/a,n/a,n/a,n/a,n/a,n/a,n/a,n/a,n/a,n/a,n/a,n/a,n/a,22000,25.05483627319336,n/a,n/a,61.059988498687744,nan,nan,nan,nan,nan,nan,nan,nan,nan,nan,nan,nan,nan,nan,nan,nan,nan,nan,nan,nan,nan
22,23000.0,10.0,nan,nan,nan,nan,nan,nan,nan,nan,nan,n/a,nan,nan,n/a,n/a,nan,nan,nan,nan,nan,nan,nan,nan,nan,nan,nan,nan,n/a,nan,nan,nan,nan,nan,nan,n/a,nan,nan,nan,nan,nan,nan,nan,nan,nan,nan,nan,nan,nan,nan,nan,nan,nan,n/a,n/a,n/a,n/a,n/a,n/a,-104.52310395812988,0.24680281168222426,-1758.0397028808593,7.342704833718016e-06,-4.0,n/a,n/a,n/a,n/a,n/a,n/a,n/a,n/a,n/a,n/a,n/a,n/a,n/a,23000,25.214664459228516,n/a,n/a,61.014689683914185,nan,nan,nan,nan,nan,nan,nan,nan,nan,nan,nan,nan,nan,nan,nan,nan,nan,nan,nan,nan,nan
23,24000.0,12.0,2998.6709459897593,2000.0,0.0,0.0,1.0,0.0,37.5,1300.2088960011788,319.58085721641254,n/a,7.827148437293028,-0.9571363686666666,n/a,n/a,0.0,0.0,0.0,0.0,631.8177317918346,0.0,0.0,137.7372715508098,343.30233228204935,1330.2633848177647,110.30837493449832,0.0,n/a,0.0,0.0,12.59095613569211,0.0,72.5,3.0,n/a,116.8023569314878,87.09103897436242,1506.9833575145333,16.512794869349886,48.78979187638001,0.0,0.0,0.0,-0.10803105309605598,0.613535612821579,-0.013834340265020728,0.6119462698698044,0.8107361793518066,0.682828277349472,0.9278860986232758,0.7268654406070709,0.6230625000000001,n/a,n/a,n/a,n/a,n/a,n/a,-108.08921469116211,0.23890761747956277,-1752.6592785644532,7.235540888359537e-06,-4.0,n/a,n/a,n/a,n/a,n/a,n/a,n/a,n/a,n/a,n/a,n/a,n/a,n/a,24000,25.374378204345703,n/a,n/a,69.25296807289124,12.385814727394568,-11.726457273450013,24.83328426444429,357.5,12.0,-3.519999999999999,0.0,0.0,0.0,-8.399999999999999,0.0,0.0,0.0,0.0,0.0,52.70824069005436,0.0,0.0,-10.000000000000163,0.0,0.0
24,25000.0,12.0,nan,nan,nan,nan,nan,nan,nan,nan,nan,n/a,nan,nan,n/a,n/a,nan,nan,nan,nan,nan,nan,nan,nan,nan,nan,nan,nan,n/a,nan,nan,nan,nan,nan,nan,n/a,nan,nan,nan,nan,nan,nan,nan,nan,nan,nan,nan,nan,nan,nan,nan,nan,nan,n/a,n/a,n/a,n/a,n/a,n/a,-101.83097262573243,0.25943677932024,-1784.2272307128906,7.1293093897111245e-06,-4.0,n/a,n/a,n/a,n/a,n/a,n/a,n/a,n/a,n/a,n/a,n/a,n/a,n/a,25000,25.53482437133789,n/a,n/a,54.52005577087402,nan,nan,nan,nan,nan,nan,nan,nan,nan,nan,nan,nan,nan,nan,nan,nan,nan,nan,nan,nan,nan
25,26000.0,12.0,nan,nan,nan,nan,nan,nan,nan,nan,nan,n/a,nan,nan,n/a,n/a,nan,nan,nan,nan,nan,nan,nan,nan,nan,nan,nan,nan,n/a,nan,nan,nan,nan,nan,nan,n/a,nan,nan,nan,nan,nan,nan,nan,nan,nan,nan,nan,nan,nan,nan,nan,nan,nan,n/a,n/a,n/a,n/a,n/a,n/a,-98.92198550415038,0.25658099058270456,-1803.6006696777345,7.021989596069034e-06,-4.0,n/a,n/a,n/a,n/a,n/a,n/a,n/a,n/a,n/a,n/a,n/a,n/a,n/a,26000,25.694576263427734,n/a,n/a,59.24646806716919,nan,nan,nan,nan,nan,nan,nan,nan,nan,nan,nan,nan,nan,nan,nan,nan,nan,nan,nan,nan,nan
26,27000.0,12.0,nan,nan,nan,nan,nan,nan,nan,nan,nan,n/a,nan,nan,n/a,n/a,nan,nan,nan,nan,nan,nan,nan,nan,nan,nan,nan,nan,n/a,nan,nan,nan,nan,nan,nan,n/a,nan,nan,nan,nan,nan,nan,nan,nan,nan,nan,nan,nan,nan,nan,nan,nan,nan,n/a,n/a,n/a,n/a,n/a,n/a,-102.96979174804687,0.24916249614953995,-1748.1517797851564,6.918768289324362e-06,-4.0,n/a,n/a,n/a,n/a,n/a,n/a,n/a,n/a,n/a,n/a,n/a,n/a,n/a,27000,25.85483169555664,n/a,n/a,68.43456935882568,nan,nan,nan,nan,nan,nan,nan,nan,nan,nan,nan,nan,nan,nan,nan,nan,nan,nan,nan,nan,nan
27,28000.0,14.0,2378.5818052160716,2000.0,0.0,0.0,1.0,0.0,27.5,1275.5368804140628,144.31301594037927,n/a,1.1701721119480182,0.0,n/a,n/a,0.0,0.0,0.0,0.0,567.4831366328871,0.0,0.0,102.6731613309325,248.95293010558268,1045.7637626503144,120.56379588086591,0.0,n/a,0.0,0.0,32.999450639640685,0.0,0.0,3.5,n/a,127.85840093393172,90.53344242164061,1684.8227350988905,6.94732951753588,47.283829517535885,0.0,0.0,0.0,-0.27165814489126205,0.5967952311038971,0.034089021384716034,0.30830347537994385,0.7371670305728912,0.6484544277191162,0.9342260956764221,0.9172374904155731,0.6421875,n/a,n/a,n/a,n/a,n/a,n/a,-104.33421792602539,0.2672387547791004,-1776.2396645507813,6.817180687903601e-06,-4.0,n/a,n/a,n/a,n/a,n/a,n/a,n/a,n/a,n/a,n/a,n/a,n/a,n/a,28000,26.014583587646484,n/a,n/a,120.32239866256714,13.843608946599437,-40.77844125870011,2.1880625308231667,275.0,12.0,-13.309999999999999,0.0,0.0,0.0,-3.3,0.0,0.0,0.0,0.0,0.0,23.332165645156387,0.0,0.0,-10.000000000000163,0.0,0.0
28,29000.0,14.0,nan,nan,nan,nan,nan,nan,nan,nan,nan,n/a,nan,nan,n/a,n/a,nan,nan,nan,nan,nan,nan,nan,nan,nan,nan,nan,nan,n/a,nan,nan,nan,nan,nan,nan,n/a,nan,nan,nan,nan,nan,nan,nan,nan,nan,nan,nan,nan,nan,nan,nan,nan,nan,n/a,n/a,n/a,n/a,n/a,n/a,-101.9829373626709,0.26346936997771264,-1820.7420183105469,6.715205831824278e-06,-4.0,n/a,n/a,n/a,n/a,n/a,n/a,n/a,n/a,n/a,n/a,n/a,n/a,n/a,29000,26.174488067626953,n/a,n/a,98.36864852905273,nan,nan,nan,nan,nan,nan,nan,nan,nan,nan,nan,nan,nan,nan,nan,nan,nan,nan,nan,nan,nan
29,30000.0,14.0,nan,nan,nan,nan,nan,nan,nan,nan,nan,n/a,nan,nan,n/a,n/a,nan,nan,nan,nan,nan,nan,nan,nan,nan,nan,nan,nan,n/a,nan,nan,nan,nan,nan,nan,n/a,nan,nan,nan,nan,nan,nan,nan,nan,nan,nan,nan,nan,nan,nan,nan,nan,nan,n/a,n/a,n/a,n/a,n/a,n/a,-102.09995599365234,0.2602178655564785,-1842.8557153320312,6.612960116399336e-06,-4.0,n/a,n/a,n/a,n/a,n/a,n/a,n/a,n/a,n/a,n/a,n/a,n/a,n/a,30000,26.334705352783203,n/a,n/a,102.31853723526001,nan,nan,nan,nan,nan,nan,nan,nan,nan,nan,nan,nan,nan,nan,nan,nan,nan,nan,nan,nan,nan
30,31000.0,14.0,nan,nan,nan,nan,nan,nan,nan,nan,nan,n/a,nan,nan,n/a,n/a,nan,nan,nan,nan,nan,nan,nan,nan,nan,nan,nan,nan,n/a,nan,nan,nan,nan,nan,nan,n/a,nan,nan,nan,nan,nan,nan,nan,nan,nan,nan,nan,nan,nan,nan,nan,nan,nan,n/a,n/a,n/a,n/a,n/a,n/a,-104.22047225952149,0.2578382980823517,-1797.2199777832031,6.5142506300617244e-06,-4.0,n/a,n/a,n/a,n/a,n/a,n/a,n/a,n/a,n/a,n/a,n/a,n/a,n/a,31000,26.49453353881836,n/a,n/a,74.30941390991211,nan,nan,nan,nan,nan,nan,nan,nan,nan,nan,nan,nan,nan,nan,nan,nan,nan,nan,nan,nan,nan
31,32000.0,16.0,2687.650299182137,2000.0,0.0,0.0,1.0,0.0,14.0,1348.7877001141883,158.74163437825416,n/a,1.125309859009918,-4.616018656066666,n/a,n/a,0.0,0.0,0.0,0.0,599.9803688119044,0.0,0.0,136.71276031358917,364.08742920804093,1159.0616829979137,106.59503759277366,0.0,n/a,0.0,0.0,18.23135688187948,0.0,130.0,2.5,n/a,119.00631243974065,78.96808480458142,1451.1738175525911,21.723598534572798,57.7705985345728,0.0,0.0,0.0,-0.07635619677603245,0.6051058173179626,0.5017669796943665,0.448441818356514,0.7844758033752441,0.6715746223926544,0.7946388721466064,0.8363126218318939,0.5738125000000001,n/a,n/a,n/a,n/a,n/a,n/a,-106.57727432250977,0.25608975541591644,-1797.1566921386718,6.418549000045459e-06,-4.0,n/a,n/a,n/a,n/a,n/a,n/a,n/a,n/a,n/a,n/a,n/a,n/a,n/a,32000,26.654170989990234,n/a,n/a,76.42565083503723,14.423003683005238,-35.51270115134999,5.281622247940676,307.0,12.0,-6.8199999999999985,0.0,0.0,0.0,-6.299999999999998,0.0,0.0,0.0,0.0,0.0,26.40044739346606,0.0,0.0,-10.000000000000163,0.0,0.0
32,33000.0,16.0,nan,nan,nan,nan,nan,nan,nan,nan,nan,n/a,nan,nan,n/a,n/a,nan,nan,nan,nan,nan,nan,nan,nan,nan,nan,nan,nan,n/a,nan,nan,nan,nan,nan,nan,n/a,nan,nan,nan,nan,nan,nan,nan,nan,nan,nan,nan,nan,nan,nan,nan,nan,nan,n/a,n/a,n/a,n/a,n/a,n/a,-101.59986920166016,0.26809459376335143,-1858.3232587890625,6.3226167103493936e-06,-4.0,n/a,n/a,n/a,n/a,n/a,n/a,n/a,n/a,n/a,n/a,n/a,n/a,n/a,33000,26.814693450927734,n/a,n/a,52.41187286376953,nan,nan,nan,nan,nan,nan,nan,nan,nan,nan,nan,nan,nan,nan,nan,nan,nan,nan,nan,nan,nan
33,34000.0,16.0,nan,nan,nan,nan,nan,nan,nan,nan,nan,n/a,nan,nan,n/a,n/a,nan,nan,nan,nan,nan,nan,nan,nan,nan,nan,nan,nan,n/a,nan,nan,nan,nan,nan,nan,n/a,nan,nan,nan,nan,nan,nan,nan,nan,nan,nan,nan,nan,nan,nan,nan,nan,nan,n/a,n/a,n/a,n/a,n/a,n/a,-99.65989315795899,0.28003655353188517,-1902.493583984375,6.2259405531222e-06,-4.0,n/a,n/a,n/a,n/a,n/a,n/a,n/a,n/a,n/a,n/a,n/a,n/a,n/a,34000,26.974445343017578,n/a,n/a,70.76486277580261,nan,nan,nan,nan,nan,nan,nan,nan,nan,nan,nan,nan,nan,nan,nan,nan,nan,nan,nan,nan,nan
34,35000.0,16.0,nan,nan,nan,nan,nan,nan,nan,nan,nan,n/a,nan,nan,n/a,n/a,nan,nan,nan,nan,nan,nan,nan,nan,nan,nan,nan,nan,n/a,nan,nan,nan,nan,nan,nan,n/a,nan,nan,nan,nan,nan,nan,nan,nan,nan,nan,nan,nan,nan,nan,nan,nan,nan,n/a,n/a,n/a,n/a,n/a,n/a,-100.97239869689942,0.25987533962726594,-1892.151884033203,6.131146938969323e-06,-4.0,n/a,n/a,n/a,n/a,n/a,n/a,n/a,n/a,n/a,n/a,n/a,n/a,n/a,35000,27.13473892211914,n/a,n/a,108.66001534461975,nan,nan,nan,nan,nan,nan,nan,nan,nan,nan,nan,nan,nan,nan,nan,nan,nan,nan,nan,nan,nan
35,36000.0,18.0,2588.682072658977,2000.0,0.0,0.0,1.0,0.0,49.0,1217.7298157656342,212.3410374500787,n/a,-3.620710505598109,-1.3061220428666667,n/a,n/a,0.0,0.0,0.0,0.0,563.3658913710592,0.0,0.0,145.24306809302553,384.58461137362644,1019.198597509765,84.61360620125727,0.0,n/a,0.0,0.0,-18.59304414509021,0.0,100.5,1.5,n/a,124.35435166826426,82.88124446423475,1085.3745435512449,45.0614188454443,44.22602290140492,0.0,0.0,0.0,-0.20943374931812286,0.7595168352127075,0.09767697565257549,0.4078322499990463,0.7333522140979767,0.5047136545181274,0.9277296364307404,0.8530303239822388,0.5846875,n/a,n/a,n/a,n/a,n/a,n/a,-102.96972966003418,0.2507454699277878,-1869.3177458496093,6.0399888334359274e-06,-4.0,n/a,n/a,n/a,n/a,n/a,n/a,n/a,n/a,n/a,n/a,n/a,n/a,n/a,36000,27.294490814208984,n/a,n/a,119.35785222053528,11.980275187174403,-35.178194027100034,18.22147968289164,330.625,12.0,-14.629999999999988,0.0,0.0,0.0,-16.500000000000004,0.0,0.0,0.0,0.0,0.0,118.67761396081531,0.0,0.0,-10.000000000000163,0.0,0.0
36,37000.0,18.0,nan,nan,nan,nan,nan,nan,nan,nan,nan,n/a,nan,nan,n/a,n/a,nan,nan,nan,nan,nan,nan,nan,nan,nan,nan,nan,nan,n/a,nan,nan,nan,nan,nan,nan,n/a,nan,nan,nan,nan,nan,nan,nan,nan,nan,nan,nan,nan,nan,nan,nan,nan,nan,n/a,n/a,n/a,n/a,n/a,n/a,-101.1402507019043,0.2538955979645252,-1895.1004477539063,5.950168857452809e-06,-4.0,n/a,n/a,n/a,n/a,n/a,n/a,n/a,n/a,n/a,n/a,n/a,n/a,n/a,37000,27.454395294189453,n/a,n/a,57.574867725372314,nan,nan,nan,nan,nan,nan,nan,nan,nan,nan,nan,nan,nan,nan,nan,nan,nan,nan,nan,nan,nan
37,38000.0,18.0,nan,nan,nan,nan,nan,nan,nan,nan,nan,n/a,nan,nan,n/a,n/a,nan,nan,nan,nan,nan,nan,nan,nan,nan,nan,nan,nan,n/a,nan,nan,nan,nan,nan,nan,n/a,nan,nan,nan,nan,nan,nan,nan,nan,nan,nan,nan,nan,nan,nan,nan,nan,nan,n/a,n/a,n/a,n/a,n/a,n/a,-103.36914538574219,0.2528514396846294,-1877.5970744628905,5.861242398168542e-06,-4.0,n/a,n/a,n/a,n/a,n/a,n/a,n/a,n/a,n/a,n/a,n/a,n/a,n/a,38000,27.614574432373047,n/a,n/a,63.004382610321045,nan,nan,nan,nan,nan,nan,nan,nan,nan,nan,nan,nan,nan,nan,nan,nan,nan,nan,nan,nan,nan
38,39000.0,18.0,nan,nan,nan,nan,nan,nan,nan,nan,nan,n/a,nan,nan,n/a,n/a,nan,nan,nan,nan,nan,nan,nan,nan,nan,nan,nan,nan,n/a,nan,nan,nan,nan,nan,nan,n/a,nan,nan,nan,nan,nan,nan,nan,nan,nan,nan,nan,nan,nan,nan,nan,nan,nan,n/a,n/a,n/a,n/a,n/a,n/a,-105.90521441650391,0.2460910977423191,-1846.8116206054688,5.775021188128448e-06,-4.0,n/a,n/a,n/a,n/a,n/a,n/a,n/a,n/a,n/a,n/a,n/a,n/a,n/a,39000,27.774402618408203,n/a,n/a,65.45901656150818,nan,nan,nan,nan,nan,nan,nan,nan,nan,nan,nan,nan,nan,nan,nan,nan,nan,nan,nan,nan,nan
39,40000.0,20.0,3256.7735412049497,2000.0,0.0,0.0,1.0,0.0,80.0,1327.5190792569238,382.69246882093586,n/a,8.024982584899785,-0.12268485613333316,n/a,n/a,0.0,0.0,0.0,0.0,658.7564716966773,0.0,0.0,187.1981119699367,494.49191316950294,1303.5684306437977,129.93826992172498,0.0,n/a,0.0,0.0,44.68437037643841,0.0,33.5,4.0,n/a,132.66569553158544,74.71059179837208,2096.9442119166406,1.9326582549039113,40.727658254903915,0.0,0.0,0.0,-0.14460419490933418,0.6372837424278259,0.23034951835870743,0.4101351201534271,0.7314365208148956,0.5886085033416748,0.8909345269203186,0.8446284234523773,0.49475,n/a,n/a,n/a,n/a,n/a,n/a,-107.03154547119141,0.2417720074057579,-1843.8640363769532,5.690431920811534e-06,-4.0,n/a,n/a,n/a,n/a,n/a,n/a,n/a,n/a,n/a,n/a,n/a,n/a,n/a,40000,27.93411636352539,n/a,n/a,71.40817880630493,15.969041015238465,-35.60829229920007,12.59259051421793,357.375,12.0,-5.0600000000000005,0.0,0.0,0.0,-32.400000000000034,0.0,0.0,0.0,0.0,0.0,115.36533646780795,0.0,0.0,-10.000000000000163,0.0,0.0
40,41000.0,20.0,nan,nan,nan,nan,nan,nan,nan,nan,nan,n/a,nan,nan,n/a,n/a,nan,nan,nan,nan,nan,nan,nan,nan,nan,nan,nan,nan,n/a,nan,nan,nan,nan,nan,nan,n/a,nan,nan,nan,nan,nan,nan,nan,nan,nan,nan,nan,nan,nan,nan,nan,nan,nan,n/a,n/a,n/a,n/a,n/a,n/a,-104.26196780395507,0.24812707406282425,-1883.072984375,5.606037567304157e-06,-4.0,n/a,n/a,n/a,n/a,n/a,n/a,n/a,n/a,n/a,n/a,n/a,n/a,n/a,41000,28.094562530517578,n/a,n/a,50.4628849029541,nan,nan,nan,nan,nan,nan,nan,nan,nan,nan,nan,nan,nan,nan,nan,nan,nan,nan,nan,nan,nan
41,42000.0,20.0,nan,nan,nan,nan,nan,nan,nan,nan,nan,n/a,nan,nan,n/a,n/a,nan,nan,nan,nan,nan,nan,nan,nan,nan,nan,nan,nan,n/a,nan,nan,nan,nan,nan,nan,n/a,nan,nan,nan,nan,nan,nan,nan,nan,nan,nan,nan,nan,nan,nan,nan,nan,nan,n/a,n/a,n/a,n/a,n/a,n/a,-104.05667004394532,0.259112271130085,-1887.674479736328,5.521707705156586e-06,-4.0,n/a,n/a,n/a,n/a,n/a,n/a,n/a,n/a,n/a,n/a,n/a,n/a,n/a,42000,28.254314422607422,n/a,n/a,54.27835559844971,nan,nan,nan,nan,nan,nan,nan,nan,nan,nan,nan,nan,nan,nan,nan,nan,nan,nan,nan,nan,nan
42,43000.0,20.0,nan,nan,nan,nan,nan,nan,nan,nan,nan,n/a,nan,nan,n/a,n/a,nan,nan,nan,nan,nan,nan,nan,nan,nan,nan,nan,nan,n/a,nan,nan,nan,nan,nan,nan,n/a,nan,nan,nan,nan,nan,nan,nan,nan,nan,nan,nan,nan,nan,nan,nan,nan,nan,n/a,n/a,n/a,n/a,n/a,n/a,-104.82036225891113,0.26482677343487737,-1871.4407338867188,5.439582652797981e-06,-4.0,n/a,n/a,n/a,n/a,n/a,n/a,n/a,n/a,n/a,n/a,n/a,n/a,n/a,43000,28.414417266845703,n/a,n/a,64.77620911598206,nan,nan,nan,nan,nan,nan,nan,nan,nan,nan,nan,nan,nan,nan,nan,nan,nan,nan,nan,nan,nan
43,44000.0,22.0,2177.268717680657,2000.0,0.0,0.0,1.0,0.0,4.5,1443.2843890378376,88.32754521815278,n/a,0.9596152032708725,-0.26201371533333306,n/a,n/a,0.0,0.0,0.0,0.0,575.9009684890254,0.0,0.0,98.95434610855779,116.98893058180762,1100.7224588131876,101.04195266072591,0.0,n/a,0.0,0.0,8.126179833707639,0.0,64.0,1.5,n/a,117.54133904859327,86.4724628941153,1480.2327176688805,19.443678029420706,45.20232197057928,0.0,0.0,0.0,-0.19759634882211685,0.5115548223257065,0.12208884581923485,0.3980322927236557,0.8174968063831329,0.7783141434192657,0.9057599604129791,0.8933221697807312,0.6665625,n/a,n/a,n/a,n/a,n/a,n/a,-104.7624887084961,0.26628679153323176,-1890.45084375,5.358674357012205e-06,-4.0,n/a,n/a,n/a,n/a,n/a,n/a,n/a,n/a,n/a,n/a,n/a,n/a,n/a,44000,29.824214935302734,n/a,n/a,74.55998158454895,12.179802920866113,-34.17257827290004,9.076965024553122,211.625,12.0,-12.100000000000009,0.0,0.0,0.0,-30.000000000000046,0.0,0.0,0.0,0.0,0.0,16.22709003316001,0.0,0.0,-10.000000000000163,0.0,0.0
44,45000.0,22.0,nan,nan,nan,nan,nan,nan,nan,nan,nan,n/a,nan,nan,n/a,n/a,nan,nan,nan,nan,nan,nan,nan,nan,nan,nan,nan,nan,n/a,nan,nan,nan,nan,nan,nan,n/a,nan,nan,nan,nan,nan,nan,nan,nan,nan,nan,nan,nan,nan,nan,nan,nan,nan,n/a,n/a,n/a,n/a,n/a,n/a,-102.19617042541503,0.26788748797774314,-1938.9961828613282,5.278037369862432e-06,-4.0,n/a,n/a,n/a,n/a,n/a,n/a,n/a,n/a,n/a,n/a,n/a,n/a,n/a,45000,29.98404312133789,n/a,n/a,55.95181894302368,nan,nan,nan,nan,nan,nan,nan,nan,nan,nan,nan,nan,nan,nan,nan,nan,nan,nan,nan,nan,nan
45,46000.0,22.0,nan,nan,nan,nan,nan,nan,nan,nan,nan,n/a,nan,nan,n/a,n/a,nan,nan,nan,nan,nan,nan,nan,nan,nan,nan,nan,nan,n/a,nan,nan,nan,nan,nan,nan,n/a,nan,nan,nan,nan,nan,nan,nan,nan,nan,nan,nan,nan,nan,nan,nan,nan,nan,n/a,n/a,n/a,n/a,n/a,n/a,-100.65593753051758,0.28829460275173185,-1979.1829345703125,5.197282147491933e-06,-4.0,n/a,n/a,n/a,n/a,n/a,n/a,n/a,n/a,n/a,n/a,n/a,n/a,n/a,46000,30.144336700439453,n/a,n/a,56.15339779853821,nan,nan,nan,nan,nan,nan,nan,nan,nan,nan,nan,nan,nan,nan,nan,nan,nan,nan,nan,nan,nan
46,47000.0,22.0,nan,nan,nan,nan,nan,nan,nan,nan,nan,n/a,nan,nan,n/a,n/a,nan,nan,nan,nan,nan,nan,nan,nan,nan,nan,nan,nan,n/a,nan,nan,nan,nan,nan,nan,n/a,nan,nan,nan,nan,nan,nan,nan,nan,nan,nan,nan,nan,nan,nan,nan,nan,nan,n/a,n/a,n/a,n/a,n/a,n/a,-100.70670329284668,0.29081887379288673,-2009.6909470214844,5.117911216075299e-06,-4.0,n/a,n/a,n/a,n/a,n/a,n/a,n/a,n/a,n/a,n/a,n/a,n/a,n/a,47000,30.304126739501953,n/a,n/a,59.32884168624878,nan,nan,nan,nan,nan,nan,nan,nan,nan,nan,nan,nan,nan,nan,nan,nan,nan,nan,nan,nan,nan
47,48000.0,24.0,1783.5196014677708,2000.0,0.0,0.0,1.0,0.0,1.5,1417.8836924518807,134.58412787345384,n/a,0.10322129309332026,-6.860926475399988,n/a,n/a,0.0,0.0,0.0,0.0,496.4659824300923,0.0,0.0,47.46875898213344,91.95438617765447,937.3495133905296,44.337972101016376,0.0,n/a,0.0,0.0,22.163324161111078,0.0,249.5,3.5,n/a,137.33679056558626,71.85492984048375,1709.2405298763308,44.71636393611033,96.84763606388968,0.0,0.0,0.0,-0.06128200143575668,0.7530829310417175,-0.2633761838078499,0.45570096373558044,0.8542622625827789,0.6133659183979034,0.9293515980243683,0.8538787662982941,0.772625,n/a,n/a,n/a,n/a,n/a,n/a,-99.56287037658691,0.29449446105957033,-2012.1959545898437,5.040359335907851e-06,-4.0,n/a,n/a,n/a,n/a,n/a,n/a,n/a,n/a,n/a,n/a,n/a,n/a,n/a,48000,30.46384048461914,n/a,n/a,66.02681589126587,10.112684742476864,-32.284423881149955,7.310277684569246,214.125,12.0,-41.57999999999989,0.0,0.0,0.0,-3.599999999999999,0.0,0.0,0.0,0.0,0.0,7.767392211577368,-13.313561349937496,0.0,-10.000000000000163,0.0,0.0
48,49000.0,24.0,nan,nan,nan,nan,nan,nan,nan,nan,nan,n/a,nan,nan,n/a,n/a,nan,nan,nan,nan,nan,nan,nan,nan,nan,nan,nan,nan,n/a,nan,nan,nan,nan,nan,nan,n/a,nan,nan,nan,nan,nan,nan,nan,nan,nan,nan,nan,nan,nan,nan,nan,nan,nan,n/a,n/a,n/a,n/a,n/a,n/a,-96.2551583404541,0.2888101322054863,-2072.75489453125,4.963571739608597e-06,-4.0,n/a,n/a,n/a,n/a,n/a,n/a,n/a,n/a,n/a,n/a,n/a,n/a,n/a,49000,30.62417221069336,n/a,n/a,53.99099111557007,nan,nan,nan,nan,nan,nan,nan,nan,nan,nan,nan,nan,nan,nan,nan,nan,nan,nan,nan,nan,nan
49,50000.0,24.0,nan,nan,nan,nan,nan,nan,nan,nan,nan,n/a,nan,nan,n/a,n/a,nan,nan,nan,nan,nan,nan,nan,nan,nan,nan,nan,nan,n/a,nan,nan,nan,nan,nan,nan,n/a,nan,nan,nan,nan,nan,nan,nan,nan,nan,nan,nan,nan,nan,nan,nan,nan,nan,n/a,n/a,n/a,n/a,n/a,n/a,-95.91508860778809,0.2824171938300133,-2089.8060905761718,4.887489053544414e-06,-4.0,n/a,n/a,n/a,n/a,n/a,n/a,n/a,n/a,n/a,n/a,n/a,n/a,n/a,50000,30.784076690673828,n/a,n/a,57.355942249298096,nan,nan,nan,nan,nan,nan,nan,nan,nan,nan,nan,nan,nan,nan,nan,nan,nan,nan,nan,nan,nan
50,51000.0,24.0,nan,nan,nan,nan,nan,nan,nan,nan,nan,n/a,nan,nan,n/a,n/a,nan,nan,nan,nan,nan,nan,nan,nan,nan,nan,nan,nan,n/a,nan,nan,nan,nan,nan,nan,n/a,nan,nan,nan,nan,nan,nan,nan,nan,nan,nan,nan,nan,nan,nan,nan,nan,nan,n/a,n/a,n/a,n/a,n/a,n/a,-98.19559678649902,0.2737241209447384,-2065.140693359375,4.8138094980458845e-06,-4.0,n/a,n/a,n/a,n/a,n/a,n/a,n/a,n/a,n/a,n/a,n/a,n/a,n/a,51000,30.944332122802734,n/a,n/a,63.055256843566895,nan,nan,nan,nan,nan,nan,nan,nan,nan,nan,nan,nan,nan,nan,nan,nan,nan,nan,nan,nan,nan
51,52000.0,26.0,2700.863939515124,2000.0,0.0,0.0,1.0,0.0,186.5,1038.304522579367,227.23755122109014,n/a,6.553071252696813,-0.20406645246666652,n/a,n/a,0.0,0.0,0.0,0.0,568.8999561676884,0.0,0.0,145.58261050496472,386.88377395373664,995.8263180582312,124.86827121748078,0.0,n/a,0.0,0.0,26.625265969814865,0.0,32.0,2.0,n/a,128.3552986131735,80.73792503256527,1477.2700895257847,2.6717589604387806,42.44825896043879,0.0,0.0,0.0,-0.23672661930322647,0.7962939441204071,-0.09938670694828033,0.3618105500936508,0.7389369606971741,0.40215718001127243,0.8829394280910492,0.8532041013240814,0.551125,n/a,n/a,n/a,n/a,n/a,n/a,-100.16004675292969,0.2651578407883644,-2057.44601953125,4.74215593203553e-06,-4.0,n/a,n/a,n/a,n/a,n/a,n/a,n/a,n/a,n/a,n/a,n/a,n/a,n/a,52000,31.104122161865234,n/a,n/a,72.1733283996582,14.868836294432892,-41.19729748155009,22.817104312232477,329.375,12.0,-15.510000000000002,0.0,0.0,0.0,-26.10000000000002,0.0,0.0,0.0,0.0,0.0,159.57509571783967,0.0,0.0,-10.000000000000163,0.0,0.0
52,53000.0,26.0,nan,nan,nan,nan,nan,nan,nan,nan,nan,n/a,nan,nan,n/a,n/a,nan,nan,nan,nan,nan,nan,nan,nan,nan,nan,nan,nan,n/a,nan,nan,nan,nan,nan,nan,n/a,nan,nan,nan,nan,nan,nan,nan,nan,nan,nan,nan,nan,nan,nan,nan,nan,nan,n/a,n/a,n/a,n/a,n/a,n/a,-96.76576989746094,0.2662541654109955,-2083.1231247558594,4.671476352996251e-06,-4.0,n/a,n/a,n/a,n/a,n/a,n/a,n/a,n/a,n/a,n/a,n/a,n/a,n/a,53000,31.26395034790039,n/a,n/a,62.53652310371399,nan,nan,nan,nan,nan,nan,nan,nan,nan,nan,nan,nan,nan,nan,nan,nan,nan,nan,nan,nan,nan
53,54000.0,26.0,nan,nan,nan,nan,nan,nan,nan,nan,nan,n/a,nan,nan,n/a,n/a,nan,nan,nan,nan,nan,nan,nan,nan,nan,nan,nan,nan,n/a,nan,nan,nan,nan,nan,nan,n/a,nan,nan,nan,nan,nan,nan,nan,nan,nan,nan,nan,nan,nan,nan,nan,nan,nan,n/a,n/a,n/a,n/a,n/a,n/a,-95.92731130981446,0.2739286426603794,-2101.074526123047,4.601088142408116e-06,-4.0,n/a,n/a,n/a,n/a,n/a,n/a,n/a,n/a,n/a,n/a,n/a,n/a,n/a,54000,31.42416763305664,n/a,n/a,73.64648532867432,nan,nan,nan,nan,nan,nan,nan,nan,nan,nan,nan,nan,nan,nan,nan,nan,nan,nan,nan,nan,nan
54,55000.0,26.0,nan,nan,nan,nan,nan,nan,nan,nan,nan,n/a,nan,nan,n/a,n/a,nan,nan,nan,nan,nan,nan,nan,nan,nan,nan,nan,nan,n/a,nan,nan,nan,nan,nan,nan,n/a,nan,nan,nan,nan,nan,nan,nan,nan,nan,nan,nan,nan,nan,nan,nan,nan,nan,n/a,n/a,n/a,n/a,n/a,n/a,-97.11835015869141,0.2714541599750519,-2094.1271813964845,4.532384353296948e-06,-4.0,n/a,n/a,n/a,n/a,n/a,n/a,n/a,n/a,n/a,n/a,n/a,n/a,n/a,55000,31.58395767211914,n/a,n/a,80.74882698059082,nan,nan,nan,nan,nan,nan,nan,nan,nan,nan,nan,nan,nan,nan,nan,nan,nan,nan,nan,nan,nan
55,56000.0,28.0,2013.0768822150812,2000.0,0.0,0.0,1.0,0.0,0.0,1413.0129773372842,232.1773121769651,n/a,0.0,0.0,n/a,n/a,0.0,0.0,0.0,0.0,512.3210852962687,0.0,0.0,51.87331590819902,71.86021377994034,1003.3075310085852,82.41188820148679,0.0,n/a,0.0,0.0,50.16188238787075,0.0,0.0,5.5,n/a,138.7418012340167,75.11893468614079,2517.9558083431375,29.99455413009031,70.49294586990965,0.0,0.0,0.0,-0.09767699055373669,0.8691172897815704,-0.21086454018950462,0.6690202355384827,0.7882547080516815,0.42512908577919006,0.9346791505813599,0.7211338877677917,0.7356875,n/a,n/a,n/a,n/a,n/a,n/a,-97.67056121826172,0.2753645564317703,-2111.5828552246094,4.464468694095558e-06,-4.0,n/a,n/a,n/a,n/a,n/a,n/a,n/a,n/a,n/a,n/a,n/a,n/a,n/a,56000,31.743709564208984,n/a,n/a,90.66196608543396,11.637037533382962,-37.06064959934998,3.275784493515384,294.5,12.0,-27.609999999999964,0.0,0.0,0.0,-12.0,0.0,0.0,0.0,0.0,0.0,6.398793205176227,0.0,0.0,-10.000000000000163,0.0,0.0
56,57000.0,28.0,nan,nan,nan,nan,nan,nan,nan,nan,nan,n/a,nan,nan,n/a,n/a,nan,nan,nan,nan,nan,nan,nan,nan,nan,nan,nan,nan,n/a,nan,nan,nan,nan,nan,nan,n/a,nan,nan,nan,nan,nan,nan,nan,nan,nan,nan,nan,nan,nan,nan,nan,nan,nan,n/a,n/a,n/a,n/a,n/a,n/a,-95.19847361755372,0.27758746430277825,-2128.44611328125,4.397449283715105e-06,-4.0,n/a,n/a,n/a,n/a,n/a,n/a,n/a,n/a,n/a,n/a,n/a,n/a,n/a,57000,31.904041290283203,n/a,n/a,66.37017893791199,nan,nan,nan,nan,nan,nan,nan,nan,nan,nan,nan,nan,nan,nan,nan,nan,nan,nan,nan,nan,nan
57,58000.0,28.0,nan,nan,nan,nan,nan,nan,nan,nan,nan,n/a,nan,nan,n/a,n/a,nan,nan,nan,nan,nan,nan,nan,nan,nan,nan,nan,nan,n/a,nan,nan,nan,nan,nan,nan,n/a,nan,nan,nan,nan,nan,nan,nan,nan,nan,nan,nan,nan,nan,nan,nan,nan,nan,n/a,n/a,n/a,n/a,n/a,n/a,-92.54981797790528,0.29140178993344307,-2167.061346435547,4.331036933763243e-06,-4.0,n/a,n/a,n/a,n/a,n/a,n/a,n/a,n/a,n/a,n/a,n/a,n/a,n/a,58000,32.063907623291016,n/a,n/a,71.92509078979492,nan,nan,nan,nan,nan,nan,nan,nan,nan,nan,nan,nan,nan,nan,nan,nan,nan,nan,nan,nan,nan
58,59000.0,28.0,nan,nan,nan,nan,nan,nan,nan,nan,nan,n/a,nan,nan,n/a,n/a,nan,nan,nan,nan,nan,nan,nan,nan,nan,nan,nan,nan,n/a,nan,nan,nan,nan,nan,nan,n/a,nan,nan,nan,nan,nan,nan,nan,nan,nan,nan,nan,nan,nan,nan,nan,nan,nan,n/a,n/a,n/a,n/a,n/a,n/a,-91.45337300109863,0.3098400057852268,-2184.0214921875,4.26557130049332e-06,-4.0,n/a,n/a,n/a,n/a,n/a,n/a,n/a,n/a,n/a,n/a,n/a,n/a,n/a,59000,32.224124908447266,n/a,n/a,79.38265538215637,nan,nan,nan,nan,nan,nan,nan,nan,nan,nan,nan,nan,nan,nan,nan,nan,nan,nan,nan,nan,nan
59,60000.0,30.0,1153.0300370016143,2000.0,0.0,0.0,1.0,0.0,4.0,1351.1332672439837,118.53322765983523,n/a,2.651196075625184,0.0,n/a,n/a,0.0,0.0,0.0,0.0,407.714424986086,0.0,0.0,40.407869064074056,52.59174845851429,549.2760687820303,-3.188640767372723,0.0,n/a,0.0,0.0,45.15870055848623,0.0,0.0,4.5,n/a,142.20073504440387,70.34385468018527,2304.2609175180887,84.466778882576,105.47227888257602,0.0,0.0,0.0,-0.1129581369459629,0.7397192418575287,-0.032189831137657166,0.4429837018251419,0.8160964548587799,0.6183595955371857,0.9602715969085693,0.8650240004062653,0.790875,n/a,n/a,n/a,n/a,n/a,n/a,-89.35718309020996,0.30305789270997047,-2209.1461015625,4.200961558126437e-06,-4.0,n/a,n/a,n/a,n/a,n/a,n/a,n/a,n/a,n/a,n/a,n/a,n/a,n/a,60000,32.383914947509766,n/a,n/a,90.30825185775757,3.8517920305913425,-19.65008911770007,3.7979714059714555,134.25,12.0,-19.90999999999997,0.0,0.0,0.0,-52.49999999999986,0.0,0.0,0.0,0.0,0.0,6.578995525298854,0.0,0.0,-10.000000000000163,0.0,0.0
60,61000.0,30.0,nan,nan,nan,nan,nan,nan,nan,nan,nan,n/a,nan,nan,n/a,n/a,nan,nan,nan,nan,nan,nan,nan,nan,nan,nan,nan,nan,n/a,nan,nan,nan,nan,nan,nan,n/a,nan,nan,nan,nan,nan,nan,nan,nan,nan,nan,nan,nan,nan,nan,nan,nan,nan,n/a,n/a,n/a,n/a,n/a,n/a,-84.45829032897949,0.3034845252633095,-2251.9453835449217,4.137260398238141e-06,-4.0,n/a,n/a,n/a,n/a,n/a,n/a,n/a,n/a,n/a,n/a,n/a,n/a,n/a,61000,32.54374313354492,n/a,n/a,66.11635637283325,nan,nan,nan,nan,nan,nan,nan,nan,nan,nan,nan,nan,nan,nan,nan,nan,nan,nan,nan,nan,nan
61,62000.0,30.0,nan,nan,nan,nan,nan,nan,nan,nan,nan,n/a,nan,nan,n/a,n/a,nan,nan,nan,nan,nan,nan,nan,nan,nan,nan,nan,nan,n/a,nan,nan,nan,nan,nan,nan,n/a,nan,nan,nan,nan,nan,nan,nan,nan,nan,nan,nan,nan,nan,nan,nan,nan,nan,n/a,n/a,n/a,n/a,n/a,n/a,-83.76308511352539,0.304807321369648,-2273.9170336914062,4.074292553013947e-06,-4.0,n/a,n/a,n/a,n/a,n/a,n/a,n/a,n/a,n/a,n/a,n/a,n/a,n/a,62000,32.704036712646484,n/a,n/a,71.20026278495789,nan,nan,nan,nan,nan,nan,nan,nan,nan,nan,nan,nan,nan,nan,nan,nan,nan,nan,nan,nan,nan
62,63000.0,30.0,nan,nan,nan,nan,nan,nan,nan,nan,nan,n/a,nan,nan,n/a,n/a,nan,nan,nan,nan,nan,nan,nan,nan,nan,nan,nan,nan,n/a,nan,nan,nan,nan,nan,nan,n/a,nan,nan,nan,nan,nan,nan,nan,nan,nan,nan,nan,nan,nan,nan,nan,nan,nan,n/a,n/a,n/a,n/a,n/a,n/a,-83.15622467041015,0.3064170814156532,-2291.4470729980467,4.012504949059803e-06,-4.0,n/a,n/a,n/a,n/a,n/a,n/a,n/a,n/a,n/a,n/a,n/a,n/a,n/a,63000,32.863826751708984,n/a,n/a,73.9844172000885,nan,nan,nan,nan,nan,nan,nan,nan,nan,nan,nan,nan,nan,nan,nan,nan,nan,nan,nan,nan,nan
63,64000.0,32.0,1115.9187017549957,2000.0,0.0,0.0,1.0,0.0,5.5,954.765736798128,101.84681332973696,n/a,1.6843009932942674,0.0,n/a,n/a,0.0,0.0,0.0,0.0,392.64900609976394,0.0,0.0,51.722435723973064,72.87726769292428,415.242868408272,80.58261459766028,0.0,n/a,0.0,0.0,6.484152307258176,0.0,0.0,0.0,n/a,124.9682792678249,83.85083045876607,810.4389068780386,39.22078229324188,43.88828229324188,0.0,0.0,0.0,-0.4710858315229416,0.8922628462314606,-0.3551737517118454,0.2885332517325878,0.669487476348877,0.3727017939090729,0.9029895663261414,0.8964326977729797,0.72775,n/a,n/a,n/a,n/a,n/a,n/a,-82.79467011260986,0.29938956621289253,-2299.42006640625,3.951831478843814e-06,-4.0,n/a,n/a,n/a,n/a,n/a,n/a,n/a,n/a,n/a,n/a,n/a,n/a,n/a,64000,33.02346420288086,n/a,n/a,85.43826794624329,10.311959966535351,-42.175989405899905,9.261167998961703,176.5,12.0,-51.80999999999983,0.0,0.0,0.0,-24.300000000000015,0.0,0.0,0.0,0.0,0.0,14.888917372243444,0.0,0.0,-10.000000000000163,0.0,0.0
64,65000.0,32.0,nan,nan,nan,nan,nan,nan,nan,nan,nan,n/a,nan,nan,n/a,n/a,nan,nan,nan,nan,nan,nan,nan,nan,nan,nan,nan,nan,n/a,nan,nan,nan,nan,nan,nan,n/a,nan,nan,nan,nan,nan,nan,nan,nan,nan,nan,nan,nan,nan,nan,nan,nan,nan,n/a,n/a,n/a,n/a,n/a,n/a,-81.22474122619629,0.29974670964479444,-2325.729318847656,3.8921642262721434e-06,-4.0,n/a,n/a,n/a,n/a,n/a,n/a,n/a,n/a,n/a,n/a,n/a,n/a,n/a,65000,33.18379592895508,n/a,n/a,65.0222475528717,nan,nan,nan,nan,nan,nan,nan,nan,nan,nan,nan,nan,nan,nan,nan,nan,nan,nan,nan,nan,nan
65,66000.0,32.0,nan,nan,nan,nan,nan,nan,nan,nan,nan,n/a,nan,nan,n/a,n/a,nan,nan,nan,nan,nan,nan,nan,nan,nan,nan,nan,nan,n/a,nan,nan,nan,nan,nan,nan,n/a,nan,nan,nan,nan,nan,nan,nan,nan,nan,nan,nan,nan,nan,nan,nan,nan,nan,n/a,n/a,n/a,n/a,n/a,n/a,-81.04229277038574,0.3000936038196087,-2320.996858642578,3.833526632661233e-06,-4.0,n/a,n/a,n/a,n/a,n/a,n/a,n/a,n/a,n/a,n/a,n/a,n/a,n/a,66000,33.34377670288086,n/a,n/a,67.6079170703888,nan,nan,nan,nan,nan,nan,nan,nan,nan,nan,nan,nan,nan,nan,nan,nan,nan,nan,nan,nan,nan
66,67000.0,32.0,nan,nan,nan,nan,nan,nan,nan,nan,nan,n/a,nan,nan,n/a,n/a,nan,nan,nan,nan,nan,nan,nan,nan,nan,nan,nan,nan,n/a,nan,nan,nan,nan,nan,nan,n/a,nan,nan,nan,nan,nan,nan,nan,nan,nan,nan,nan,nan,nan,nan,nan,nan,nan,n/a,n/a,n/a,n/a,n/a,n/a,-81.22141159057617,0.29661318653821944,-2338.447639892578,3.775940248033294e-06,-4.0,n/a,n/a,n/a,n/a,n/a,n/a,n/a,n/a,n/a,n/a,n/a,n/a,n/a,67000,33.504032135009766,n/a,n/a,74.79980969429016,nan,nan,nan,nan,nan,nan,nan,nan,nan,nan,nan,nan,nan,nan,nan,nan,nan,nan,nan,nan,nan
67,68000.0,34.0,2205.9093205218246,2000.0,0.0,0.0,1.0,0.0,167.5,1259.588600484791,158.1266027461943,n/a,8.84974926158516,-0.22388318239999982,n/a,n/a,0.0,0.0,0.0,0.0,514.6010367743661,0.0,0.0,117.0955437712187,334.2831040881319,812.8574849713015,82.1588708240321,0.0,n/a,0.0,0.0,55.141051526036534,0.0,43.5,4.5,n/a,127.9974353670695,75.22130700860019,2354.9922307554452,6.886741351421782,49.173741351421796,0.0,0.0,0.0,-0.2325742170214653,0.8243214190006256,0.07378259673714638,0.3369140774011612,0.7824511528015137,0.35976626724004745,0.9143595397472382,0.8848462998867035,0.6238125,n/a,n/a,n/a,n/a,n/a,n/a,-82.42135669708252,0.29940174421668053,-2322.815729003906,3.719483243912691e-06,-4.0,n/a,n/a,n/a,n/a,n/a,n/a,n/a,n/a,n/a,n/a,n/a,n/a,n/a,68000,33.663822174072266,n/a,n/a,83.62046885490417,12.560787675582628,-56.4553826294998,10.444500118598869,243.375,12.0,-20.019999999999964,0.0,0.0,0.0,-16.800000000000015,0.0,0.0,0.0,0.0,0.0,106.04145732285058,0.0,0.0,-10.000000000000163,0.0,0.0
68,69000.0,34.0,nan,nan,nan,nan,nan,nan,nan,nan,nan,n/a,nan,nan,n/a,n/a,nan,nan,nan,nan,nan,nan,nan,nan,nan,nan,nan,nan,n/a,nan,nan,nan,nan,nan,nan,n/a,nan,nan,nan,nan,nan,nan,nan,nan,nan,nan,nan,nan,nan,nan,nan,nan,nan,n/a,n/a,n/a,n/a,n/a,n/a,-81.2878911743164,0.299980117380619,-2333.6943564453127,3.6642343484345475e-06,-4.0,n/a,n/a,n/a,n/a,n/a,n/a,n/a,n/a,n/a,n/a,n/a,n/a,n/a,69000,33.82365036010742,n/a,n/a,63.67291879653931,nan,nan,nan,nan,nan,nan,nan,nan,nan,nan,nan,nan,nan,nan,nan,nan,nan,nan,nan,nan,nan
69,70000.0,34.0,nan,nan,nan,nan,nan,nan,nan,nan,nan,n/a,nan,nan,n/a,n/a,nan,nan,nan,nan,nan,nan,nan,nan,nan,nan,nan,nan,n/a,nan,nan,nan,nan,nan,nan,n/a,nan,nan,nan,nan,nan,nan,nan,nan,nan,nan,nan,nan,nan,nan,nan,nan,nan,n/a,n/a,n/a,n/a,n/a,n/a,-82.95981886291504,0.29608017149567606,-2314.3543154296876,3.6099195976930786e-06,-4.0,n/a,n/a,n/a,n/a,n/a,n/a,n/a,n/a,n/a,n/a,n/a,n/a,n/a,70000,33.98390579223633,n/a,n/a,69.59890031814575,nan,nan,nan,nan,nan,nan,nan,nan,nan,nan,nan,nan,nan,nan,nan,nan,nan,nan,nan,nan,nan
70,71000.0,34.0,nan,nan,nan,nan,nan,nan,nan,nan,nan,n/a,nan,nan,n/a,n/a,nan,nan,nan,nan,nan,nan,nan,nan,nan,nan,nan,nan,n/a,nan,nan,nan,nan,nan,nan,n/a,nan,nan,nan,nan,nan,nan,nan,nan,nan,nan,nan,nan,nan,nan,nan,nan,nan,n/a,n/a,n/a,n/a,n/a,n/a,-83.99097357177735,0.29453649851679803,-2292.0531625976564,3.556788627975038e-06,-4.0,n/a,n/a,n/a,n/a,n/a,n/a,n/a,n/a,n/a,n/a,n/a,n/a,n/a,71000,34.14369583129883,n/a,n/a,75.70609545707703,nan,nan,nan,nan,nan,nan,nan,nan,nan,nan,nan,nan,nan,nan,nan,nan,nan,nan,nan,nan,nan
71,72000.0,36.0,3270.5557536385963,2000.0,0.0,0.0,1.0,0.0,232.5,1170.8897790528176,315.1678440233056,n/a,20.14321463302837,-0.00156239773333331,n/a,n/a,0.0,0.0,0.0,0.0,658.3821228498052,0.0,0.0,189.73286663065363,440.15643435437033,1277.8451620963892,121.93013534053495,0.0,n/a,0.0,0.0,56.11434811679797,0.0,7.5,5.0,n/a,135.63200248810062,81.68858452462399,2191.079360248732,5.901444183685353,46.20294418368536,0.0,0.0,0.0,-0.1246432401239872,0.7228871583938599,0.004560355097055435,0.45328326523303986,0.7628049552440643,0.5312579274177551,0.8955266177654266,0.8268211781978607,0.50775,n/a,n/a,n/a,n/a,n/a,n/a,-86.50990962219238,0.2940028081834316,-2255.609687988281,3.5047353289883175e-06,-4.0,n/a,n/a,n/a,n/a,n/a,n/a,n/a,n/a,n/a,n/a,n/a,n/a,n/a,72000,34.30344772338867,n/a,n/a,84.05576825141907,14.452955652219877,-45.32531761815002,32.6964758358731,362.375,12.0,-5.28,0.0,0.0,0.0,-26.10000000000002,0.0,0.0,0.0,0.0,0.0,171.43391814476905,0.0,0.0,-10.000000000000163,0.0,0.0
72,73000.0,36.0,nan,nan,nan,nan,nan,nan,nan,nan,nan,n/a,nan,nan,n/a,n/a,nan,nan,nan,nan,nan,nan,nan,nan,nan,nan,nan,nan,n/a,nan,nan,nan,nan,nan,nan,n/a,nan,nan,nan,nan,nan,nan,nan,nan,nan,nan,nan,nan,nan,nan,nan,nan,nan,n/a,n/a,n/a,n/a,n/a,n/a,-85.57244010925292,0.2927326774299145,-2264.5246833496094,3.4534710184743746e-06,-4.0,n/a,n/a,n/a,n/a,n/a,n/a,n/a,n/a,n/a,n/a,n/a,n/a,n/a,73000,34.46377944946289,n/a,n/a,63.12932324409485,nan,nan,nan,nan,nan,nan,nan,nan,nan,nan,nan,nan,nan,nan,nan,nan,nan,nan,nan,nan,nan
73,74000.0,36.0,nan,nan,nan,nan,nan,nan,nan,nan,nan,n/a,nan,nan,n/a,n/a,nan,nan,nan,nan,nan,nan,nan,nan,nan,nan,nan,nan,n/a,nan,nan,nan,nan,nan,nan,n/a,nan,nan,nan,nan,nan,nan,nan,nan,nan,nan,nan,nan,nan,nan,nan,nan,nan,n/a,n/a,n/a,n/a,n/a,n/a,-86.50336209106446,0.2919035493731499,-2233.2068811035156,3.402811132673378e-06,-4.0,n/a,n/a,n/a,n/a,n/a,n/a,n/a,n/a,n/a,n/a,n/a,n/a,n/a,74000,34.6236457824707,n/a,n/a,69.17325115203857,nan,nan,nan,nan,nan,nan,nan,nan,nan,nan,nan,nan,nan,nan,nan,nan,nan,nan,nan,nan,nan
74,75000.0,36.0,nan,nan,nan,nan,nan,nan,nan,nan,nan,n/a,nan,nan,n/a,n/a,nan,nan,nan,nan,nan,nan,nan,nan,nan,nan,nan,nan,n/a,nan,nan,nan,nan,nan,nan,n/a,nan,nan,nan,nan,nan,nan,nan,nan,nan,nan,nan,nan,nan,nan,nan,nan,nan,n/a,n/a,n/a,n/a,n/a,n/a,-86.98090812683105,0.2907305257618427,-2217.2276635742187,3.3530513837831676e-06,-4.0,n/a,n/a,n/a,n/a,n/a,n/a,n/a,n/a,n/a,n/a,n/a,n/a,n/a,75000,34.7838249206543,n/a,n/a,78.54280114173889,nan,nan,nan,nan,nan,nan,nan,nan,nan,nan,nan,nan,nan,nan,nan,nan,nan,nan,nan,nan,nan
75,76000.0,38.0,3276.4086748387017,2000.0,0.0,0.0,1.0,0.0,60.5,1391.6046266321887,126.12606715226894,n/a,2.594427075898161,-1.0751015999999987,n/a,n/a,0.0,0.0,0.0,0.0,669.4673880010617,0.0,0.0,194.35215767377787,542.2897836003855,1302.0998374190935,115.42670995913605,0.0,n/a,0.0,0.0,45.82470118423736,0.0,233.0,7.0,n/a,146.7388070351337,74.2963573638198,2483.8380620841212,9.871568572739184,41.54018718409532,0.0,0.0,0.0,-0.14006807655096054,0.5682707726955414,0.13351962715387344,0.32455144822597504,0.7932863235473633,0.6526726484298706,0.8863379955291748,0.8808099627494812,0.5196875,n/a,n/a,n/a,n/a,n/a,n/a,-88.22988153076172,0.2910638814866543,-2203.094494140625,3.3039566274055686e-06,-4.0,n/a,n/a,n/a,n/a,n/a,n/a,n/a,n/a,n/a,n/a,n/a,n/a,n/a,76000,34.9436149597168,n/a,n/a,89.79389524459839,13.162355228396507,-35.69407334805,15.11481436572041,316.5,12.0,-5.83,0.0,0.0,0.0,-10.199999999999998,0.0,0.0,0.0,0.0,0.0,110.37567527901112,0.0,0.0,-10.000000000000163,0.0,0.0
76,77000.0,38.0,nan,nan,nan,nan,nan,nan,nan,nan,nan,n/a,nan,nan,n/a,n/a,nan,nan,nan,nan,nan,nan,nan,nan,nan,nan,nan,nan,n/a,nan,nan,nan,nan,nan,nan,n/a,nan,nan,nan,nan,nan,nan,nan,nan,nan,nan,nan,nan,nan,nan,nan,nan,nan,n/a,n/a,n/a,n/a,n/a,n/a,-85.12804348754882,0.2925139491856098,-2242.102087158203,3.255114517742186e-06,-4.0,n/a,n/a,n/a,n/a,n/a,n/a,n/a,n/a,n/a,n/a,n/a,n/a,n/a,77000,35.10344314575195,n/a,n/a,64.38637089729309,nan,nan,nan,nan,nan,nan,nan,nan,nan,nan,nan,nan,nan,nan,nan,nan,nan,nan,nan,nan,nan
77,78000.0,38.0,nan,nan,nan,nan,nan,nan,nan,nan,nan,n/a,nan,nan,n/a,n/a,nan,nan,nan,nan,nan,nan,nan,nan,nan,nan,nan,nan,n/a,nan,nan,nan,nan,nan,nan,n/a,nan,nan,nan,nan,nan,nan,nan,nan,nan,nan,nan,nan,nan,nan,nan,nan,nan,n/a,n/a,n/a,n/a,n/a,n/a,-83.07082942199708,0.29650127232074736,-2238.482654296875,3.206532682725083e-06,-4.0,n/a,n/a,n/a,n/a,n/a,n/a,n/a,n/a,n/a,n/a,n/a,n/a,n/a,78000,35.263736724853516,n/a,n/a,69.69938015937805,nan,nan,nan,nan,nan,nan,nan,nan,nan,nan,nan,nan,nan,nan,nan,nan,nan,nan,nan,nan,nan
78,79000.0,38.0,nan,nan,nan,nan,nan,nan,nan,nan,nan,n/a,nan,nan,n/a,n/a,nan,nan,nan,nan,nan,nan,nan,nan,nan,nan,nan,nan,n/a,nan,nan,nan,nan,nan,nan,n/a,nan,nan,nan,nan,nan,nan,nan,nan,nan,nan,nan,nan,nan,nan,nan,nan,nan,n/a,n/a,n/a,n/a,n/a,n/a,-81.44653123474122,0.3033077701032162,-2240.805766845703,3.1589699337928324e-06,-4.0,n/a,n/a,n/a,n/a,n/a,n/a,n/a,n/a,n/a,n/a,n/a,n/a,n/a,79000,35.423526763916016,n/a,n/a,76.41274166107178,nan,nan,nan,nan,nan,nan,nan,nan,nan,nan,nan,nan,nan,nan,nan,nan,nan,nan,nan,nan,nan
79,80000.0,40.0,1401.2548378987397,2000.0,0.0,0.0,1.0,0.0,6.0,1080.7876503130894,227.0605299655582,n/a,5.5435862650405445,0.0,n/a,n/a,0.0,0.0,0.0,0.0,411.42924660699714,0.0,0.0,72.01331873103886,114.59614393572555,444.73676887342367,99.99788900946984,0.0,n/a,0.0,0.0,52.072188148067305,0.0,0.0,4.0,n/a,140.75456619123574,76.90874892201202,2387.3235282012233,12.669840971667972,78.43503526207115,0.0,0.0,0.0,-0.32233622670173645,0.8998037278652191,-0.1608316656202078,0.3526735156774521,0.7603500485420227,0.34648119658231735,0.9488540589809418,0.9038747549057007,0.7195625,n/a,n/a,n/a,n/a,n/a,n/a,-80.64690252685547,0.3018929174542427,-2224.6840654296875,3.1122804643928248e-06,-4.0,n/a,n/a,n/a,n/a,n/a,n/a,n/a,n/a,n/a,n/a,n/a,n/a,n/a,80000,35.5832405090332,n/a,n/a,89.80303072929382,13.855263831100476,-40.56052804529993,34.88099852973469,197.625,12.0,-42.89999999999988,0.0,0.0,0.0,-7.799999999999997,0.0,0.0,0.0,0.0,0.0,43.76496201343162,0.0,0.0,-10.000000000000163,0.0,0.0
80,81000.0,40.0,nan,nan,nan,nan,nan,nan,nan,nan,nan,n/a,nan,nan,n/a,n/a,nan,nan,nan,nan,nan,nan,nan,nan,nan,nan,nan,nan,n/a,nan,nan,nan,nan,nan,nan,n/a,nan,nan,nan,nan,nan,nan,nan,nan,nan,nan,nan,nan,nan,nan,nan,nan,nan,n/a,n/a,n/a,n/a,n/a,n/a,-78.98005938720704,0.3002072128653526,-2235.769120361328,3.0662760559607707e-06,-4.0,n/a,n/a,n/a,n/a,n/a,n/a,n/a,n/a,n/a,n/a,n/a,n/a,n/a,81000,35.74357223510742,n/a,n/a,64.18536114692688,nan,nan,nan,nan,nan,nan,nan,nan,nan,nan,nan,nan,nan,nan,nan,nan,nan,nan,nan,nan,nan
81,82000.0,40.0,nan,nan,nan,nan,nan,nan,nan,nan,nan,n/a,nan,nan,n/a,n/a,nan,nan,nan,nan,nan,nan,nan,nan,nan,nan,nan,nan,n/a,nan,nan,nan,nan,nan,nan,n/a,nan,nan,nan,nan,nan,nan,nan,nan,nan,nan,nan,nan,nan,nan,nan,nan,nan,n/a,n/a,n/a,n/a,n/a,n/a,-77.34791909027099,0.2973311186432838,-2227.5520446777346,3.0208656703507584e-06,-4.0,n/a,n/a,n/a,n/a,n/a,n/a,n/a,n/a,n/a,n/a,n/a,n/a,n/a,82000,35.90347671508789,n/a,n/a,70.30517721176147,nan,nan,nan,nan,nan,nan,nan,nan,nan,nan,nan,nan,nan,nan,nan,nan,nan,nan,nan,nan,nan
82,83000.0,40.0,nan,nan,nan,nan,nan,nan,nan,nan,nan,n/a,nan,nan,n/a,n/a,nan,nan,nan,nan,nan,nan,nan,nan,nan,nan,nan,nan,n/a,nan,nan,nan,nan,nan,nan,n/a,nan,nan,nan,nan,nan,nan,nan,nan,nan,nan,nan,nan,nan,nan,nan,nan,nan,n/a,n/a,n/a,n/a,n/a,n/a,-76.15440688323974,0.2985105718970299,-2234.1561389160156,2.9760417132820293e-06,-4.0,n/a,n/a,n/a,n/a,n/a,n/a,n/a,n/a,n/a,n/a,n/a,n/a,n/a,83000,36.0637321472168,n/a,n/a,78.6140284538269,nan,nan,nan,nan,nan,nan,nan,nan,nan,nan,nan,nan,nan,nan,nan,nan,nan,nan,nan,nan,nan
83,84000.0,42.0,1360.0055729526848,2000.0,0.0,0.0,1.0,0.0,7.5,1413.080959688432,259.14660606232985,n/a,-2.9464863112932163,-2.127234942933334,n/a,n/a,0.0,0.0,0.0,0.0,454.52127072526366,0.0,0.0,67.00665880828276,112.72309740439425,611.6774152340163,84.4822001853148,0.0,n/a,0.0,0.0,-6.564991817805726,0.0,154.5,0.5,n/a,128.98611183718285,79.38315981183975,1023.0129373486552,84.58822645096653,39.26802522588807,0.0,0.0,0.0,-0.26369182765483856,0.7852002084255219,-0.15585972368717194,0.5998189449310303,0.793268620967865,0.5040527433156967,0.8998321294784546,0.7811807096004486,0.743125,n/a,n/a,n/a,n/a,n/a,n/a,-75.84950247955322,0.2992479436695576,-2243.9767211914063,2.931831927071471e-06,-4.0,n/a,n/a,n/a,n/a,n/a,n/a,n/a,n/a,n/a,n/a,n/a,n/a,n/a,84000,36.2235221862793,n/a,n/a,88.78279161453247,11.580076230108226,-35.07161433569998,7.520977646872284,137.0,12.0,-68.74999999999972,0.0,0.0,0.0,-37.2,0.0,0.0,0.0,0.0,0.0,24.15420412614761,0.0,0.0,-10.000000000000163,0.0,0.0
84,85000.0,42.0,nan,nan,nan,nan,nan,nan,nan,nan,nan,n/a,nan,nan,n/a,n/a,nan,nan,nan,nan,nan,nan,nan,nan,nan,nan,nan,nan,n/a,nan,nan,nan,nan,nan,nan,n/a,nan,nan,nan,nan,nan,nan,nan,nan,nan,nan,nan,nan,nan,nan,nan,nan,nan,n/a,n/a,n/a,n/a,n/a,n/a,-74.42740413665771,0.29815875113010404,-2256.3783859863283,2.887978233957256e-06,-4.0,n/a,n/a,n/a,n/a,n/a,n/a,n/a,n/a,n/a,n/a,n/a,n/a,n/a,85000,36.38335037231445,n/a,n/a,61.820974588394165,nan,nan,nan,nan,nan,nan,nan,nan,nan,nan,nan,nan,nan,nan,nan,nan,nan,nan,nan,nan,nan
85,86000.0,42.0,nan,nan,nan,nan,nan,nan,nan,nan,nan,n/a,nan,nan,n/a,n/a,nan,nan,nan,nan,nan,nan,nan,nan,nan,nan,nan,nan,n/a,nan,nan,nan,nan,nan,nan,n/a,nan,nan,nan,nan,nan,nan,nan,nan,nan,nan,nan,nan,nan,nan,nan,nan,nan,n/a,n/a,n/a,n/a,n/a,n/a,-74.83410344696046,0.29992921859025956,-2262.2322956542966,2.844793514213961e-06,-4.0,n/a,n/a,n/a,n/a,n/a,n/a,n/a,n/a,n/a,n/a,n/a,n/a,n/a,86000,36.54341506958008,n/a,n/a,71.30242824554443,nan,nan,nan,nan,nan,nan,nan,nan,nan,nan,nan,nan,nan,nan,nan,nan,nan,nan,nan,nan,nan
86,87000.0,42.0,nan,nan,nan,nan,nan,nan,nan,nan,nan,n/a,nan,nan,n/a,n/a,nan,nan,nan,nan,nan,nan,nan,nan,nan,nan,nan,nan,n/a,nan,nan,nan,nan,nan,nan,n/a,nan,nan,nan,nan,nan,nan,nan,nan,nan,nan,nan,nan,nan,nan,nan,nan,nan,n/a,n/a,n/a,n/a,n/a,n/a,-75.73713333892822,0.2974663634300232,-2272.278771240234,2.8022557671647517e-06,-4.0,n/a,n/a,n/a,n/a,n/a,n/a,n/a,n/a,n/a,n/a,n/a,n/a,n/a,87000,36.70328140258789,n/a,n/a,75.26312732696533,nan,nan,nan,nan,nan,nan,nan,nan,nan,nan,nan,nan,nan,nan,nan,nan,nan,nan,nan,nan,nan
87,88000.0,44.0,2427.3965137073783,2000.0,0.0,0.0,1.0,0.0,7.5,1303.7075580494875,245.7841868918665,n/a,-2.8825422404724588,-0.2548666726666665,n/a,n/a,0.0,0.0,0.0,0.0,579.0874500168266,0.0,0.0,101.26483561535579,151.93283217796903,1109.7631306348958,111.945499162816,0.0,n/a,0.0,0.0,50.8997796116076,0.0,50.5,4.5,n/a,134.1684935470676,78.12495267277643,2131.9412098216603,14.816311466468731,44.849688533531264,0.0,0.0,0.0,-0.1048416905105114,0.7140390872955322,-0.08314972370862961,0.6788888573646545,0.8602167069911957,0.6399720311164856,0.9446655213832855,0.7008714377880096,0.7725625,n/a,n/a,n/a,n/a,n/a,n/a,-76.15807064056396,0.2950264056622982,-2285.048374755859,2.760308706001524e-06,-4.0,n/a,n/a,n/a,n/a,n/a,n/a,n/a,n/a,n/a,n/a,n/a,n/a,n/a,88000,39.36298751831055,n/a,n/a,88.5173089504242,13.45634579843783,-34.44551462819998,12.881260499241472,324.75,12.0,-9.350000000000007,0.0,0.0,0.0,-10.199999999999998,0.0,0.0,0.0,0.0,0.0,26.548303731538848,0.0,0.0,-10.000000000000163,0.0,0.0
88,89000.0,44.0,nan,nan,nan,nan,nan,nan,nan,nan,nan,n/a,nan,nan,n/a,n/a,nan,nan,nan,nan,nan,nan,nan,nan,nan,nan,nan,nan,n/a,nan,nan,nan,nan,nan,nan,n/a,nan,nan,nan,nan,nan,nan,nan,nan,nan,nan,nan,nan,nan,nan,nan,nan,nan,n/a,n/a,n/a,n/a,n/a,n/a,-75.558226020813,0.2918058291375637,-2287.1796879882813,2.7189357838324214e-06,-4.0,n/a,n/a,n/a,n/a,n/a,n/a,n/a,n/a,n/a,n/a,n/a,n/a,n/a,89000,39.52335739135742,n/a,n/a,64.10834980010986,nan,nan,nan,nan,nan,nan,nan,nan,nan,nan,nan,nan,nan,nan,nan,nan,nan,nan,nan,nan,nan
89,90000.0,44.0,nan,nan,nan,nan,nan,nan,nan,nan,nan,n/a,nan,nan,n/a,n/a,nan,nan,nan,nan,nan,nan,nan,nan,nan,nan,nan,nan,n/a,nan,nan,nan,nan,nan,nan,n/a,nan,nan,nan,nan,nan,nan,nan,nan,nan,nan,nan,nan,nan,nan,nan,nan,nan,n/a,n/a,n/a,n/a,n/a,n/a,-75.46162476348877,0.28974452829360964,-2281.1640766601563,2.678452234249562e-06,-4.0,n/a,n/a,n/a,n/a,n/a,n/a,n/a,n/a,n/a,n/a,n/a,n/a,n/a,90000,39.683109283447266,n/a,n/a,69.29497909545898,nan,nan,nan,nan,nan,nan,nan,nan,nan,nan,nan,nan,nan,nan,nan,nan,nan,nan,nan,nan,nan
90,91000.0,44.0,nan,nan,nan,nan,nan,nan,nan,nan,nan,n/a,nan,nan,n/a,n/a,nan,nan,nan,nan,nan,nan,nan,nan,nan,nan,nan,nan,n/a,nan,nan,nan,nan,nan,nan,n/a,nan,nan,nan,nan,nan,nan,nan,nan,nan,nan,nan,nan,nan,nan,nan,nan,nan,n/a,n/a,n/a,n/a,n/a,n/a,-76.89398374938965,0.28591885009407997,-2270.2269748535155,2.638802388446493e-06,-4.0,n/a,n/a,n/a,n/a,n/a,n/a,n/a,n/a,n/a,n/a,n/a,n/a,n/a,91000,39.843441009521484,n/a,n/a,75.05077075958252,nan,nan,nan,nan,nan,nan,nan,nan,nan,nan,nan,nan,nan,nan,nan,nan,nan,nan,nan,nan,nan
91,92000.0,46.0,2988.680814417622,2000.0,0.0,0.0,1.0,0.0,34.0,1459.160420353541,346.6524949490271,n/a,2.183859428672589,-0.5651586545333332,n/a,n/a,0.0,0.0,0.0,0.0,656.4342456528507,0.0,0.0,161.5324233229618,406.67175223950136,1314.5419577985554,124.00096503591138,0.0,n/a,0.0,0.0,5.802873079470581,0.0,63.0,3.0,n/a,120.36712265585741,83.84454315545489,1525.033268257766,1.438280800988123,43.97978080098814,0.0,0.0,0.0,-0.15676824003458023,0.455788791179657,0.2726833075284958,0.3998728096485138,0.7808093726634979,0.7453108131885529,0.8516244888305664,0.8705030381679535,0.5255624999999999,n/a,n/a,n/a,n/a,n/a,n/a,-77.50347366333008,0.2840660209357738,-2255.747014160156,2.599850389742642e-06,-4.0,n/a,n/a,n/a,n/a,n/a,n/a,n/a,n/a,n/a,n/a,n/a,n/a,n/a,92000,40.00319290161133,n/a,n/a,87.38015651702881,14.116753142346457,-30.70350721260005,4.073738027075702,293.25,12.0,-5.390000000000001,0.0,0.0,0.0,-4.799999999999999,0.0,0.0,0.0,0.0,0.0,45.53091255737269,0.0,0.0,-10.000000000000163,0.0,0.0
92,93000.0,46.0,nan,nan,nan,nan,nan,nan,nan,nan,nan,n/a,nan,nan,n/a,n/a,nan,nan,nan,nan,nan,nan,nan,nan,nan,nan,nan,nan,n/a,nan,nan,nan,nan,nan,nan,n/a,nan,nan,nan,nan,nan,nan,nan,nan,nan,nan,nan,nan,nan,nan,nan,nan,nan,n/a,n/a,n/a,n/a,n/a,n/a,-76.83528060913086,0.28371128818392755,-2256.5870581054687,2.5615618983465536e-06,-4.0,n/a,n/a,n/a,n/a,n/a,n/a,n/a,n/a,n/a,n/a,n/a,n/a,n/a,93000,40.16305923461914,n/a,n/a,63.16227459907532,nan,nan,nan,nan,nan,nan,nan,nan,nan,nan,nan,nan,nan,nan,nan,nan,nan,nan,nan,nan,nan
93,94000.0,46.0,nan,nan,nan,nan,nan,nan,nan,nan,nan,n/a,nan,nan,n/a,n/a,nan,nan,nan,nan,nan,nan,nan,nan,nan,nan,nan,nan,n/a,nan,nan,nan,nan,nan,nan,n/a,nan,nan,nan,nan,nan,nan,nan,nan,nan,nan,nan,nan,nan,nan,nan,nan,nan,n/a,n/a,n/a,n/a,n/a,n/a,-77.95225061798095,0.28606915318965914,-2243.6401745605467,2.523758975257806e-06,-4.0,n/a,n/a,n/a,n/a,n/a,n/a,n/a,n/a,n/a,n/a,n/a,n/a,n/a,94000,40.32327651977539,n/a,n/a,69.93059420585632,nan,nan,nan,nan,nan,nan,nan,nan,nan,nan,nan,nan,nan,nan,nan,nan,nan,nan,nan,nan,nan
94,95000.0,46.0,nan,nan,nan,nan,nan,nan,nan,nan,nan,n/a,nan,nan,n/a,n/a,nan,nan,nan,nan,nan,nan,nan,nan,nan,nan,nan,nan,n/a,nan,nan,nan,nan,nan,nan,n/a,nan,nan,nan,nan,nan,nan,nan,nan,nan,nan,nan,nan,nan,nan,nan,nan,nan,n/a,n/a,n/a,n/a,n/a,n/a,-78.83955384063721,0.2824616584479809,-2243.5006044921874,2.4865506088644907e-06,-4.0,n/a,n/a,n/a,n/a,n/a,n/a,n/a,n/a,n/a,n/a,n/a,n/a,n/a,95000,40.4831428527832,n/a,n/a,78.3901355266571,nan,nan,nan,nan,nan,nan,nan,nan,nan,nan,nan,nan,nan,nan,nan,nan,nan,nan,nan,nan,nan
95,96000.0,48.0,2715.2389711337146,2000.0,0.0,0.0,1.0,0.0,12.5,1226.0231616653437,294.5908418070221,n/a,7.555379368030159,0.0,n/a,n/a,0.0,0.0,0.0,0.0,610.8495772806803,0.0,0.0,117.44655162810595,222.30215606515176,1249.9419512832262,69.42975957111966,0.0,n/a,0.0,0.0,36.04106308272074,0.0,0.0,3.0,n/a,135.22496709307848,68.70391564643364,1887.8943447699248,84.46577567115963,60.50812195437395,0.0,0.0,0.0,-0.24319316446781158,0.801492840051651,-0.057929009199142456,0.49176838994026184,0.6862443685531616,0.4765360653400421,0.9283697307109833,0.8146215677261353,0.6075625,n/a,n/a,n/a,n/a,n/a,n/a,-78.66467435455323,0.28218114826083185,-2246.5774438476565,2.449877515573462e-06,-4.0,n/a,n/a,n/a,n/a,n/a,n/a,n/a,n/a,n/a,n/a,n/a,n/a,n/a,96000,40.64278030395508,n/a,n/a,87.26479148864746,10.645958955430633,-21.141051578549984,38.59647456134871,338.0,12.0,-7.700000000000003,0.0,0.0,0.0,-7.799999999999999,0.0,0.0,0.0,0.0,0.0,49.071150916420564,0.0,0.0,-10.000000000000163,0.0,0.0
96,97000.0,48.0,nan,nan,nan,nan,nan,nan,nan,nan,nan,n/a,nan,nan,n/a,n/a,nan,nan,nan,nan,nan,nan,nan,nan,nan,nan,nan,nan,n/a,nan,nan,nan,nan,nan,nan,n/a,nan,nan,nan,nan,nan,nan,nan,nan,nan,nan,nan,nan,nan,nan,nan,nan,nan,n/a,n/a,n/a,n/a,n/a,n/a,-75.95606021118164,0.2821294485926628,-2277.507781982422,2.413362760307791e-06,-4.0,n/a,n/a,n/a,n/a,n/a,n/a,n/a,n/a,n/a,n/a,n/a,n/a,n/a,97000,40.80315017700195,n/a,n/a,65.77360224723816,nan,nan,nan,nan,nan,nan,nan,nan,nan,nan,nan,nan,nan,nan,nan,nan,nan,nan,nan,nan,nan
97,98000.0,48.0,nan,nan,nan,nan,nan,nan,nan,nan,nan,n/a,nan,nan,n/a,n/a,nan,nan,nan,nan,nan,nan,nan,nan,nan,nan,nan,nan,n/a,nan,nan,nan,nan,nan,nan,n/a,nan,nan,nan,nan,nan,nan,nan,nan,nan,nan,nan,nan,nan,nan,nan,nan,nan,n/a,n/a,n/a,n/a,n/a,n/a,-74.8527985458374,0.2894833049178123,-2297.421112548828,2.3770592811160897e-06,-4.0,n/a,n/a,n/a,n/a,n/a,n/a,n/a,n/a,n/a,n/a,n/a,n/a,n/a,98000,40.9629020690918,n/a,n/a,70.58255577087402,nan,nan,nan,nan,nan,nan,nan,nan,nan,nan,nan,nan,nan,nan,nan,nan,nan,nan,nan,nan,nan
98,99000.0,48.0,nan,nan,nan,nan,nan,nan,nan,nan,nan,n/a,nan,nan,n/a,n/a,nan,nan,nan,nan,nan,nan,nan,nan,nan,nan,nan,nan,n/a,nan,nan,nan,nan,nan,nan,n/a,nan,nan,nan,nan,nan,nan,nan,nan,nan,nan,nan,nan,nan,nan,nan,nan,nan,n/a,n/a,n/a,n/a,n/a,n/a,-74.15385416412353,0.3225914676785469,-2295.551174316406,2.3414417969434e-06,-4.0,n/a,n/a,n/a,n/a,n/a,n/a,n/a,n/a,n/a,n/a,n/a,n/a,n/a,99000,41.123348236083984,n/a,n/a,77.14329361915588,nan,nan,nan,nan,nan,nan,nan,nan,nan,nan,nan,nan,nan,nan,nan,nan,nan,nan,nan,nan,nan
99,100000.0,50.0,1742.2919809850455,2000.0,0.0,0.0,1.0,0.0,13.5,1072.9626994463615,222.96423479637446,n/a,5.946609383251519,0.0,n/a,n/a,0.0,0.0,0.0,0.0,449.7502444941833,0.0,0.0,75.82218141311441,157.27389258376647,581.746621753124,115.66270407363183,0.0,n/a,0.0,0.0,81.53520727800924,0.0,0.0,6.0,n/a,150.44829897520097,71.8212004645147,2478.915123642667,20.238240560629883,23.726240560629872,0.0,0.0,0.0,-0.36736103892326355,0.9415262937545776,-0.10778312385082245,0.4417465031147003,0.7006907165050507,0.25375305861234665,0.9593943059444427,0.8564227819442749,0.7190624999999999,n/a,n/a,n/a,n/a,n/a,n/a,-73.83356900787354,0.37946715784072876,-2311.0969423828124,2.3063391336108906e-06,-4.0,n/a,n/a,n/a,n/a,n/a,n/a,n/a,n/a,n/a,n/a,n/a,n/a,n/a,100000,41.28310012817383,n/a,n/a,89.4934549331665,11.431659752226476,-23.348650359749996,50.58940493550615,200.25,12.0,-22.549999999999955,0.0,0.0,0.0,-12.600000000000003,0.0,0.0,0.0,0.0,0.0,68.7821056779662,0.0,0.0,-10.000000000000163,0.0,0.0
100,101000.0,50.0,nan,nan,nan,nan,nan,nan,nan,nan,nan,n/a,nan,nan,n/a,n/a,nan,nan,nan,nan,nan,nan,nan,nan,nan,nan,nan,nan,n/a,nan,nan,nan,nan,nan,nan,n/a,nan,nan,nan,nan,nan,nan,nan,nan,nan,nan,nan,nan,nan,nan,nan,nan,nan,n/a,n/a,n/a,n/a,n/a,n/a,-73.0484326095581,0.37468295365571974,-2318.4648173828127,2.2717971642123303e-06,-4.0,n/a,n/a,n/a,n/a,n/a,n/a,n/a,n/a,n/a,n/a,n/a,n/a,n/a,101000,41.44296646118164,n/a,n/a,62.622844219207764,nan,nan,nan,nan,nan,nan,nan,nan,nan,nan,nan,nan,nan,nan,nan,nan,nan,nan,nan,nan,nan
101,102000.0,50.0,nan,nan,nan,nan,nan,nan,nan,nan,nan,n/a,nan,nan,n/a,n/a,nan,nan,nan,nan,nan,nan,nan,nan,nan,nan,nan,nan,n/a,nan,nan,nan,nan,nan,nan,n/a,nan,nan,nan,nan,nan,nan,nan,nan,nan,nan,nan,nan,nan,nan,nan,nan,nan,n/a,n/a,n/a,n/a,n/a,n/a,-72.06279856109619,0.3792122937440872,-2329.7192924804685,2.2377403633981887e-06,-4.0,n/a,n/a,n/a,n/a,n/a,n/a,n/a,n/a,n/a,n/a,n/a,n/a,n/a,102000,41.603145599365234,n/a,n/a,70.41351962089539,nan,nan,nan,nan,nan,nan,nan,nan,nan,nan,nan,nan,nan,nan,nan,nan,nan,nan,nan,nan,nan
102,103000.0,50.0,nan,nan,nan,nan,nan,nan,nan,nan,nan,n/a,nan,nan,n/a,n/a,nan,nan,nan,nan,nan,nan,nan,nan,nan,nan,nan,nan,n/a,nan,nan,nan,nan,nan,nan,n/a,nan,nan,nan,nan,nan,nan,nan,nan,nan,nan,nan,nan,nan,nan,nan,nan,nan,n/a,n/a,n/a,n/a,n/a,n/a,-71.33790198516846,0.37959362477064135,-2338.3837939453124,2.2041955612621676e-06,-4.0,n/a,n/a,n/a,n/a,n/a,n/a,n/a,n/a,n/a,n/a,n/a,n/a,n/a,103000,41.76301193237305,n/a,n/a,77.13166809082031,nan,nan,nan,nan,nan,nan,nan,nan,nan,nan,nan,nan,nan,nan,nan,nan,nan,nan,nan,nan,nan
103,104000.0,52.0,2455.709917235536,2000.0,0.0,0.0,1.0,0.0,57.5,1290.573289650256,224.2260382521411,n/a,8.119248119974552,-5.063081324733329,n/a,n/a,0.0,0.0,0.0,0.0,523.9487761689148,0.0,0.0,144.5997597137264,430.8069895274609,842.7118548014992,117.28462314704826,0.0,n/a,0.0,0.0,21.160708759349408,0.0,692.5,1.5,n/a,126.92464591715839,78.52151929212299,1267.1940310782645,11.107292463737302,44.78702786441029,0.0,0.0,0.0,-0.2792912572622299,0.7844793498516083,-0.23646486550569534,0.3786381334066391,0.735285758972168,0.4307291954755783,0.8836208283901215,0.8734813332557678,0.5628124999999999,n/a,n/a,n/a,n/a,n/a,n/a,-73.291417137146,0.3767797689437866,-2314.303859863281,2.1714943582082926e-06,-4.0,n/a,n/a,n/a,n/a,n/a,n/a,n/a,n/a,n/a,n/a,n/a,n/a,n/a,104000,41.922725677490234,n/a,n/a,86.61878800392151,14.304092248556202,-41.76148361834992,24.653417004482506,285.75,12.0,-13.419999999999996,0.0,0.0,0.0,-5.399999999999999,0.0,0.0,0.0,0.0,0.0,106.01501268758588,0.0,0.0,-10.000000000000163,0.0,0.0
104,105000.0,52.0,nan,nan,nan,nan,nan,nan,nan,nan,nan,n/a,nan,nan,n/a,n/a,nan,nan,nan,nan,nan,nan,nan,nan,nan,nan,nan,nan,n/a,nan,nan,nan,nan,nan,nan,n/a,nan,nan,nan,nan,nan,nan,nan,nan,nan,nan,nan,nan,nan,nan,nan,nan,nan,n/a,n/a,n/a,n/a,n/a,n/a,-71.17434044647217,0.37450332057476043,-2340.197254638672,2.139223109679733e-06,-4.0,n/a,n/a,n/a,n/a,n/a,n/a,n/a,n/a,n/a,n/a,n/a,n/a,n/a,105000,42.08309555053711,n/a,n/a,66.24519753456116,nan,nan,nan,nan,nan,nan,nan,nan,nan,nan,nan,nan,nan,nan,nan,nan,nan,nan,nan,nan,nan
105,106000.0,52.0,nan,nan,nan,nan,nan,nan,nan,nan,nan,n/a,nan,nan,n/a,n/a,nan,nan,nan,nan,nan,nan,nan,nan,nan,nan,nan,nan,n/a,nan,nan,nan,nan,nan,nan,n/a,nan,nan,nan,nan,nan,nan,nan,nan,nan,nan,nan,nan,nan,nan,nan,nan,nan,n/a,n/a,n/a,n/a,n/a,n/a,-71.12340552520752,0.37396258038282393,-2353.119294433594,2.1071210617265025e-06,-4.0,n/a,n/a,n/a,n/a,n/a,n/a,n/a,n/a,n/a,n/a,n/a,n/a,n/a,106000,42.24284744262695,n/a,n/a,71.12244176864624,nan,nan,nan,nan,nan,nan,nan,nan,nan,nan,nan,nan,nan,nan,nan,nan,nan,nan,nan,nan,nan
106,107000.0,52.0,nan,nan,nan,nan,nan,nan,nan,nan,nan,n/a,nan,nan,n/a,n/a,nan,nan,nan,nan,nan,nan,nan,nan,nan,nan,nan,nan,n/a,nan,nan,nan,nan,nan,nan,n/a,nan,nan,nan,nan,nan,nan,nan,nan,nan,nan,nan,nan,nan,nan,nan,nan,nan,n/a,n/a,n/a,n/a,n/a,n/a,-70.27164154052734,0.38251636946201323,-2358.3203974609373,2.075586846785882e-06,-4.0,n/a,n/a,n/a,n/a,n/a,n/a,n/a,n/a,n/a,n/a,n/a,n/a,n/a,107000,42.40310287475586,n/a,n/a,78.74321055412292,nan,nan,nan,nan,nan,nan,nan,nan,nan,nan,nan,nan,nan,nan,nan,nan,nan,nan,nan,nan,nan
107,108000.0,54.0,1738.0030310289803,2000.0,0.0,0.0,1.0,0.0,4.5,1169.9147982148954,156.69811513769622,n/a,2.855583848878919,-0.07889273279999989,n/a,n/a,0.0,0.0,0.0,0.0,462.3766920475051,0.0,0.0,60.08631918208741,124.74909353474689,749.1140753999424,86.29460456676074,0.0,n/a,0.0,0.0,32.523675098975424,0.0,23.0,2.0,n/a,129.14435862090528,78.6241665725999,1500.2100006233309,24.221659307186915,62.460659307186944,0.0,0.0,0.0,-0.3333462327718735,0.9166924953460693,-0.08287088852375746,0.3730706423521042,0.7325116693973541,0.31268173456192017,0.9629575610160828,0.8983430862426758,0.737,n/a,n/a,n/a,n/a,n/a,n/a,-70.3300905532837,0.3834327429533005,-2367.1952255859374,2.0444832180146477e-06,-4.0,n/a,n/a,n/a,n/a,n/a,n/a,n/a,n/a,n/a,n/a,n/a,n/a,n/a,108000,42.5628547668457,n/a,n/a,89.98799681663513,13.184196233843178,-39.093901695449986,11.926431241059529,247.75,12.0,-26.839999999999943,0.0,0.0,0.0,-10.2,0.0,0.0,0.0,0.0,0.0,21.355154303418047,0.0,0.0,-10.000000000000163,0.0,0.0
108,109000.0,54.0,nan,nan,nan,nan,nan,nan,nan,nan,nan,n/a,nan,nan,n/a,n/a,nan,nan,nan,nan,nan,nan,nan,nan,nan,nan,nan,nan,n/a,nan,nan,nan,nan,nan,nan,n/a,nan,nan,nan,nan,nan,nan,nan,nan,nan,nan,nan,nan,nan,nan,nan,nan,nan,n/a,n/a,n/a,n/a,n/a,n/a,-69.36547770690918,0.38091391921043394,-2391.1777492675783,2.0138468912591633e-06,-4.0,n/a,n/a,n/a,n/a,n/a,n/a,n/a,n/a,n/a,n/a,n/a,n/a,n/a,109000,42.722721099853516,n/a,n/a,65.41911840438843,nan,nan,nan,nan,nan,nan,nan,nan,nan,nan,nan,nan,nan,nan,nan,nan,nan,nan,nan,nan,nan
109,110000.0,54.0,nan,nan,nan,nan,nan,nan,nan,nan,nan,n/a,nan,nan,n/a,n/a,nan,nan,nan,nan,nan,nan,nan,nan,nan,nan,nan,nan,n/a,nan,nan,nan,nan,nan,nan,n/a,nan,nan,nan,nan,nan,nan,nan,nan,nan,nan,nan,nan,nan,nan,nan,nan,nan,n/a,n/a,n/a,n/a,n/a,n/a,-69.36141567993164,0.38221130007505416,-2396.0360205078123,1.983569995900325e-06,-4.0,n/a,n/a,n/a,n/a,n/a,n/a,n/a,n/a,n/a,n/a,n/a,n/a,n/a,110000,42.882938385009766,n/a,n/a,69.68411946296692,nan,nan,nan,nan,nan,nan,nan,nan,nan,nan,nan,nan,nan,nan,nan,nan,nan,nan,nan,nan,nan
110,111000.0,54.0,nan,nan,nan,nan,nan,nan,nan,nan,nan,n/a,nan,nan,n/a,n/a,nan,nan,nan,nan,nan,nan,nan,nan,nan,nan,nan,nan,n/a,nan,nan,nan,nan,nan,nan,n/a,nan,nan,nan,nan,nan,nan,nan,nan,nan,nan,nan,nan,nan,nan,nan,nan,nan,n/a,n/a,n/a,n/a,n/a,n/a,-70.31956636047363,0.3812696417570114,-2394.5030278320314,1.9539039949449943e-06,-4.0,n/a,n/a,n/a,n/a,n/a,n/a,n/a,n/a,n/a,n/a,n/a,n/a,n/a,111000,43.04280471801758,n/a,n/a,78.91908812522888,nan,nan,nan,nan,nan,nan,nan,nan,nan,nan,nan,nan,nan,nan,nan,nan,nan,nan,nan,nan,nan
111,112000.0,56.0,2902.9509104282492,2000.0,0.0,0.0,1.0,0.0,136.0,1397.3540169166677,231.20266272730132,n/a,8.379023908587651,-4.364912773866668,n/a,n/a,0.0,0.0,0.0,0.0,614.1620692134422,0.0,0.0,134.7664066297576,367.4568453278869,1214.2255624478107,119.67810083655814,0.0,n/a,0.0,0.0,52.542677985016965,0.0,109.0,5.0,n/a,142.18182855934168,72.76166508820809,2213.551355629535,11.30946692766387,38.011382041181285,0.0,0.0,0.0,-0.2098105400800705,0.7117222845554352,-0.21571214776486158,0.44998346269130707,0.7675874531269073,0.5985332429409027,0.9101147949695587,0.852923721075058,0.659625,n/a,n/a,n/a,n/a,n/a,n/a,-71.01158409118652,0.3836019167304039,-2396.5918833007813,1.924758842960728e-06,-4.0,n/a,n/a,n/a,n/a,n/a,n/a,n/a,n/a,n/a,n/a,n/a,n/a,n/a,112000,43.20248031616211,n/a,n/a,90.53542447090149,14.296998015396566,-44.10075614160008,29.91425117486523,286.75,12.0,-10.010000000000009,0.0,0.0,0.0,-4.499999999999999,0.0,0.0,0.0,0.0,0.0,124.93696561658324,-3.1823218122187518,0.0,-10.000000000000163,0.0,0.0
112,113000.0,56.0,nan,nan,nan,nan,nan,nan,nan,nan,nan,n/a,nan,nan,n/a,n/a,nan,nan,nan,nan,nan,nan,nan,nan,nan,nan,nan,nan,n/a,nan,nan,nan,nan,nan,nan,n/a,nan,nan,nan,nan,nan,nan,nan,nan,nan,nan,nan,nan,nan,nan,nan,nan,nan,n/a,n/a,n/a,n/a,n/a,n/a,-70.2906510925293,0.3806538951992989,-2394.4184404296875,1.8962145713885547e-06,-4.0,n/a,n/a,n/a,n/a,n/a,n/a,n/a,n/a,n/a,n/a,n/a,n/a,n/a,113000,43.362850189208984,n/a,n/a,63.283231258392334,nan,nan,nan,nan,nan,nan,nan,nan,nan,nan,nan,nan,nan,nan,nan,nan,nan,nan,nan,nan,nan
113,114000.0,56.0,nan,nan,nan,nan,nan,nan,nan,nan,nan,n/a,nan,nan,n/a,n/a,nan,nan,nan,nan,nan,nan,nan,nan,nan,nan,nan,nan,n/a,nan,nan,nan,nan,nan,nan,n/a,nan,nan,nan,nan,nan,nan,nan,nan,nan,nan,nan,nan,nan,nan,nan,nan,nan,n/a,n/a,n/a,n/a,n/a,n/a,-70.03249852752685,0.37890443158149717,-2394.5704057617186,1.8680301657241217e-06,-4.0,n/a,n/a,n/a,n/a,n/a,n/a,n/a,n/a,n/a,n/a,n/a,n/a,n/a,114000,43.52260208129883,n/a,n/a,68.71023797988892,nan,nan,nan,nan,nan,nan,nan,nan,nan,nan,nan,nan,nan,nan,nan,nan,nan,nan,nan,nan,nan
114,115000.0,56.0,nan,nan,nan,nan,nan,nan,nan,nan,nan,n/a,nan,nan,n/a,n/a,nan,nan,nan,nan,nan,nan,nan,nan,nan,nan,nan,nan,n/a,nan,nan,nan,nan,nan,nan,n/a,nan,nan,nan,nan,nan,nan,nan,nan,nan,nan,nan,nan,nan,nan,nan,nan,nan,n/a,n/a,n/a,n/a,n/a,n/a,-70.22210401153565,0.3775691452622414,-2407.5744423828123,1.840219974383217e-06,-4.0,n/a,n/a,n/a,n/a,n/a,n/a,n/a,n/a,n/a,n/a,n/a,n/a,n/a,115000,43.68301010131836,n/a,n/a,77.1906213760376,nan,nan,nan,nan,nan,nan,nan,nan,nan,nan,nan,nan,nan,nan,nan,nan,nan,nan,nan,nan,nan
115,116000.0,58.0,2287.902547734463,2000.0,0.0,0.0,1.0,0.0,3.0,1357.2579393486808,397.61486333807363,n/a,2.079264122198223,-1.7011267207999976,n/a,n/a,0.0,0.0,0.0,0.0,575.3465985507114,0.0,0.0,95.69029073266829,162.9618293745512,1122.655427894418,106.5668217860223,0.0,n/a,0.0,0.0,-2.122454572674002,0.0,119.5,0.5,n/a,103.349449000595,98.66289492688907,817.5915110197175,2.554530471666627,54.224196949317914,0.0,0.0,0.0,-0.3254257142543793,0.8038681447505951,-0.2629627510905266,0.40254218876361847,0.6741353869438171,0.40313369035720825,0.9244305491447449,0.8650203943252563,0.6315,n/a,n/a,n/a,n/a,n/a,n/a,-70.02821978759765,0.38004257434606553,-2396.576947753906,1.8128482320207695e-06,-4.0,n/a,n/a,n/a,n/a,n/a,n/a,n/a,n/a,n/a,n/a,n/a,n/a,n/a,116000,43.8427619934082,n/a,n/a,89.64932131767273,11.871424797581925,-36.03193401225002,11.759707262957829,236.75,12.0,-17.81999999999998,0.0,0.0,0.0,0.0,0.0,0.0,0.0,0.0,0.0,17.89669851905246,0.0,0.0,-10.000000000000163,0.0,0.0
116,117000.0,58.0,nan,nan,nan,nan,nan,nan,nan,nan,nan,n/a,nan,nan,n/a,n/a,nan,nan,nan,nan,nan,nan,nan,nan,nan,nan,nan,nan,n/a,nan,nan,nan,nan,nan,nan,n/a,nan,nan,nan,nan,nan,nan,nan,nan,nan,nan,nan,nan,nan,nan,nan,nan,nan,n/a,n/a,n/a,n/a,n/a,n/a,-69.59489457702637,0.3770197020173073,-2415.303818847656,1.785869991635991e-06,-4.0,n/a,n/a,n/a,n/a,n/a,n/a,n/a,n/a,n/a,n/a,n/a,n/a,n/a,117000,44.002628326416016,n/a,n/a,63.92828106880188,nan,nan,nan,nan,nan,nan,nan,nan,nan,nan,nan,nan,nan,nan,nan,nan,nan,nan,nan,nan,nan
117,118000.0,58.0,nan,nan,nan,nan,nan,nan,nan,nan,nan,n/a,nan,nan,n/a,n/a,nan,nan,nan,nan,nan,nan,nan,nan,nan,nan,nan,nan,n/a,nan,nan,nan,nan,nan,nan,n/a,nan,nan,nan,nan,nan,nan,nan,nan,nan,nan,nan,nan,nan,nan,nan,nan,nan,n/a,n/a,n/a,n/a,n/a,n/a,-69.78765496826172,0.37719930917024613,-2418.7900283203126,1.7592482286090672e-06,-4.0,n/a,n/a,n/a,n/a,n/a,n/a,n/a,n/a,n/a,n/a,n/a,n/a,n/a,118000,44.16276931762695,n/a,n/a,70.61715769767761,nan,nan,nan,nan,nan,nan,nan,nan,nan,nan,nan,nan,nan,nan,nan,nan,nan,nan,nan,nan,nan
118,119000.0,58.0,nan,nan,nan,nan,nan,nan,nan,nan,nan,n/a,nan,nan,n/a,n/a,nan,nan,nan,nan,nan,nan,nan,nan,nan,nan,nan,nan,n/a,nan,nan,nan,nan,nan,nan,n/a,nan,nan,nan,nan,nan,nan,nan,nan,nan,nan,nan,nan,nan,nan,nan,nan,nan,n/a,n/a,n/a,n/a,n/a,n/a,-71.27986302185059,0.37456039142608644,-2410.0326420898436,1.733100572209878e-06,-4.0,n/a,n/a,n/a,n/a,n/a,n/a,n/a,n/a,n/a,n/a,n/a,n/a,n/a,119000,44.322635650634766,n/a,n/a,78.03314924240112,nan,nan,nan,nan,nan,nan,nan,nan,nan,nan,nan,nan,nan,nan,nan,nan,nan,nan,nan,nan,nan
119,120000.0,60.0,2993.8090770942035,2000.0,0.0,0.0,1.0,0.0,19.5,1233.0090923242592,214.36087804340406,n/a,3.9952984258702404,-0.21424858206666653,n/a,n/a,0.0,0.0,0.0,0.0,619.2130153570122,0.0,0.0,160.01463699440814,406.3307662578612,1171.6952961649035,120.12899828844857,0.0,n/a,0.0,0.0,33.669731150204534,0.0,38.0,4.5,n/a,149.58321367693085,68.82281100323748,2012.0298782299546,5.547669088072372,37.03966908807237,0.0,0.0,0.0,-0.2216893881559372,0.7056454718112946,0.050445240922272205,0.43447422981262207,0.746848076581955,0.5617574155330658,0.9002165794372559,0.8327496647834778,0.544875,n/a,n/a,n/a,n/a,n/a,n/a,-71.8674609451294,0.37407620072364806,-2401.571213378906,1.7074786337616387e-06,-4.0,n/a,n/a,n/a,n/a,n/a,n/a,n/a,n/a,n/a,n/a,n/a,n/a,n/a,120000,44.48234939575195,n/a,n/a,92.09038782119751,15.209411167177688,-30.182533107599966,47.438620424360906,340.25,12.0,-9.460000000000008,0.0,0.0,0.0,-8.399999999999999,0.0,0.0,0.0,0.0,0.0,122.1200845535915,0.0,0.0,-10.000000000000163,0.0,0.0
120,121000.0,60.0,nan,nan,nan,nan,nan,nan,nan,nan,nan,n/a,nan,nan,n/a,n/a,nan,nan,nan,nan,nan,nan,nan,nan,nan,nan,nan,nan,n/a,nan,nan,nan,nan,nan,nan,n/a,nan,nan,nan,nan,nan,nan,nan,nan,nan,nan,nan,nan,nan,nan,nan,nan,nan,n/a,n/a,n/a,n/a,n/a,n/a,-69.78210068511963,0.3772441886663437,-2415.275935058594,1.682183546563465e-06,-4.0,n/a,n/a,n/a,n/a,n/a,n/a,n/a,n/a,n/a,n/a,n/a,n/a,n/a,121000,44.64271926879883,n/a,n/a,65.08158659934998,nan,nan,nan,nan,nan,nan,nan,nan,nan,nan,nan,nan,nan,nan,nan,nan,nan,nan,nan,nan,nan
121,122000.0,60.0,nan,nan,nan,nan,nan,nan,nan,nan,nan,n/a,nan,nan,n/a,n/a,nan,nan,nan,nan,nan,nan,nan,nan,nan,nan,nan,nan,n/a,nan,nan,nan,nan,nan,nan,n/a,nan,nan,nan,nan,nan,nan,nan,nan,nan,nan,nan,nan,nan,nan,nan,nan,nan,n/a,n/a,n/a,n/a,n/a,n/a,-70.44870085144044,0.3787102084755897,-2424.990976074219,1.6570610519011097e-06,-4.0,n/a,n/a,n/a,n/a,n/a,n/a,n/a,n/a,n/a,n/a,n/a,n/a,n/a,122000,44.80247116088867,n/a,n/a,68.94708347320557,nan,nan,nan,nan,nan,nan,nan,nan,nan,nan,nan,nan,nan,nan,nan,nan,nan,nan,nan,nan,nan
122,123000.0,60.0,nan,nan,nan,nan,nan,nan,nan,nan,nan,n/a,nan,nan,n/a,n/a,nan,nan,nan,nan,nan,nan,nan,nan,nan,nan,nan,nan,n/a,nan,nan,nan,nan,nan,nan,n/a,nan,nan,nan,nan,nan,nan,nan,nan,nan,nan,nan,nan,nan,nan,nan,nan,nan,n/a,n/a,n/a,n/a,n/a,n/a,-70.8267315826416,0.3790375187397003,-2422.2128383789063,1.6323903478223655e-06,-4.0,n/a,n/a,n/a,n/a,n/a,n/a,n/a,n/a,n/a,n/a,n/a,n/a,n/a,123000,44.96280288696289,n/a,n/a,76.94655060768127,nan,nan,nan,nan,nan,nan,nan,nan,nan,nan,nan,nan,nan,nan,nan,nan,nan,nan,nan,nan,nan
123,124000.0,62.0,2276.4263034054966,2000.0,0.0,0.0,1.0,0.0,19.0,1410.30314085278,170.42363926202947,n/a,4.538505523201309,-0.5203234594666659,n/a,n/a,0.0,0.0,0.0,0.0,540.9505368381479,0.0,0.0,89.97704144543519,207.22485367635807,983.2881942224323,104.66953525121747,0.0,n/a,0.0,0.0,62.42058428295,0.0,77.5,5.0,n/a,140.28348921787222,72.94145320102214,2460.8354263436827,17.46153647657892,48.57574106133584,0.0,0.0,0.0,-0.1970047652721405,0.6900265514850616,-0.18844356946647167,0.4939923733472824,0.8147187530994415,0.6495419442653656,0.9381446540355682,0.8271917402744293,0.7168749999999999,n/a,n/a,n/a,n/a,n/a,n/a,-71.17764291381836,0.37796655857563016,-2444.1393857421876,1.6079998181339761e-06,-4.0,n/a,n/a,n/a,n/a,n/a,n/a,n/a,n/a,n/a,n/a,n/a,n/a,n/a,124000,45.122554779052734,n/a,n/a,90.55276322364807,13.14575194124679,-26.724976492050036,13.295488574975966,282.875,12.0,-8.690000000000008,0.0,0.0,0.0,-20.700000000000017,0.0,0.0,0.0,0.0,0.0,28.676111601030875,0.0,0.0,-10.000000000000163,0.0,0.0
124,125000.0,62.0,nan,nan,nan,nan,nan,nan,nan,nan,nan,n/a,nan,nan,n/a,n/a,nan,nan,nan,nan,nan,nan,nan,nan,nan,nan,nan,nan,n/a,nan,nan,nan,nan,nan,nan,n/a,nan,nan,nan,nan,nan,nan,nan,nan,nan,nan,nan,nan,nan,nan,nan,nan,nan,n/a,n/a,n/a,n/a,n/a,n/a,-70.6117949295044,0.3737425310611725,-2442.548019042969,1.5839653333387104e-06,-4.0,n/a,n/a,n/a,n/a,n/a,n/a,n/a,n/a,n/a,n/a,n/a,n/a,n/a,125000,45.28242111206055,n/a,n/a,63.64170980453491,nan,nan,nan,nan,nan,nan,nan,nan,nan,nan,nan,nan,nan,nan,nan,nan,nan,nan,nan,nan,nan
125,126000.0,62.0,nan,nan,nan,nan,nan,nan,nan,nan,nan,n/a,nan,nan,n/a,n/a,nan,nan,nan,nan,nan,nan,nan,nan,nan,nan,nan,nan,n/a,nan,nan,nan,nan,nan,nan,n/a,nan,nan,nan,nan,nan,nan,nan,nan,nan,nan,nan,nan,nan,nan,nan,nan,nan,n/a,n/a,n/a,n/a,n/a,n/a,-70.57624893188476,0.3801873127222061,-2457.949267089844,1.560254669357164e-06,-4.0,n/a,n/a,n/a,n/a,n/a,n/a,n/a,n/a,n/a,n/a,n/a,n/a,n/a,126000,45.4426383972168,n/a,n/a,71.57438826560974,nan,nan,nan,nan,nan,nan,nan,nan,nan,nan,nan,nan,nan,nan,nan,nan,nan,nan,nan,nan,nan
126,127000.0,62.0,nan,nan,nan,nan,nan,nan,nan,nan,nan,n/a,nan,nan,n/a,n/a,nan,nan,nan,nan,nan,nan,nan,nan,nan,nan,nan,nan,n/a,nan,nan,nan,nan,nan,nan,n/a,nan,nan,nan,nan,nan,nan,nan,nan,nan,nan,nan,nan,nan,nan,nan,nan,nan,n/a,n/a,n/a,n/a,n/a,n/a,-69.71384282684326,0.38417997330427167,-2458.55844140625,1.5369647442184941e-06,-4.0,n/a,n/a,n/a,n/a,n/a,n/a,n/a,n/a,n/a,n/a,n/a,n/a,n/a,127000,45.60250473022461,n/a,n/a,77.93523621559143,nan,nan,nan,nan,nan,nan,nan,nan,nan,nan,nan,nan,nan,nan,nan,nan,nan,nan,nan,nan,nan
127,128000.0,64.0,2371.031878985517,2000.0,0.0,0.0,1.0,0.0,60.5,1368.0246270199398,215.2026435133769,n/a,1.62560356633171,-0.8191628754666664,n/a,n/a,0.0,0.0,0.0,0.0,518.6394458708531,0.0,0.0,120.66870947137457,354.94852533525557,849.45615774679,113.6968251582748,0.0,n/a,0.0,0.0,47.73989873876202,0.0,51.0,3.5,n/a,131.98687732072057,72.85890401198927,2126.0218642994896,6.160322150573797,55.29779128249788,0.0,0.0,0.0,-0.11601072549819946,0.8465373516082764,-0.23876436986029148,0.5750552713871002,0.8044001758098602,0.2916686423122883,0.8627371490001678,0.7520444095134735,0.61425,n/a,n/a,n/a,n/a,n/a,n/a,-69.29548043823242,0.3831745436787605,-2459.99384765625,1.5140403488658194e-06,-4.0,n/a,n/a,n/a,n/a,n/a,n/a,n/a,n/a,n/a,n/a,n/a,n/a,n/a,128000,45.76206588745117,n/a,n/a,89.74899625778198,15.000928737611481,-29.07000680025005,24.75342995789495,232.375,12.0,-23.86999999999993,0.0,0.0,0.0,-6.899999999999999,0.0,0.0,0.0,0.0,0.0,150.7865240780627,0.0,0.0,-10.000000000000163,0.0,0.0
128,129000.0,64.0,nan,nan,nan,nan,nan,nan,nan,nan,nan,n/a,nan,nan,n/a,n/a,nan,nan,nan,nan,nan,nan,nan,nan,nan,nan,nan,nan,n/a,nan,nan,nan,nan,nan,nan,n/a,nan,nan,nan,nan,nan,nan,nan,nan,nan,nan,nan,nan,nan,nan,nan,nan,nan,n/a,n/a,n/a,n/a,n/a,n/a,-68.19887200164796,0.386230279147625,-2477.4048974609377,1.4914558571490489e-06,-4.0,n/a,n/a,n/a,n/a,n/a,n/a,n/a,n/a,n/a,n/a,n/a,n/a,n/a,129000,45.92239761352539,n/a,n/a,63.74971318244934,nan,nan,nan,nan,nan,nan,nan,nan,nan,nan,nan,nan,nan,nan,nan,nan,nan,nan,nan,nan,nan
129,130000.0,64.0,nan,nan,nan,nan,nan,nan,nan,nan,nan,n/a,nan,nan,n/a,n/a,nan,nan,nan,nan,nan,nan,nan,nan,nan,nan,nan,nan,n/a,nan,nan,nan,nan,nan,nan,n/a,nan,nan,nan,nan,nan,nan,nan,nan,nan,nan,nan,nan,nan,nan,nan,nan,nan,n/a,n/a,n/a,n/a,n/a,n/a,-66.98929061889649,0.39098799711465837,-2495.721397949219,1.4690841364881634e-06,-4.0,n/a,n/a,n/a,n/a,n/a,n/a,n/a,n/a,n/a,n/a,n/a,n/a,n/a,130000,46.08218765258789,n/a,n/a,70.04430389404297,nan,nan,nan,nan,nan,nan,nan,nan,nan,nan,nan,nan,nan,nan,nan,nan,nan,nan,nan,nan,nan
130,131000.0,64.0,nan,nan,nan,nan,nan,nan,nan,nan,nan,n/a,nan,nan,n/a,n/a,nan,nan,nan,nan,nan,nan,nan,nan,nan,nan,nan,nan,n/a,nan,nan,nan,nan,nan,nan,n/a,nan,nan,nan,nan,nan,nan,nan,nan,nan,nan,nan,nan,nan,nan,nan,nan,nan,n/a,n/a,n/a,n/a,n/a,n/a,-66.25954450225831,0.4032857193350792,-2493.376429199219,1.4470977132532425e-06,-4.0,n/a,n/a,n/a,n/a,n/a,n/a,n/a,n/a,n/a,n/a,n/a,n/a,n/a,131000,46.2424430847168,n/a,n/a,78.23752474784851,nan,nan,nan,nan,nan,nan,nan,nan,nan,nan,nan,nan,nan,nan,nan,nan,nan,nan,nan,nan,nan
131,132000.0,66.0,1897.7725037743162,2000.0,0.0,0.0,1.0,0.0,2.5,1472.8439111723549,353.76825624397236,n/a,0.132531233105436,-0.5950467333999997,n/a,n/a,0.0,0.0,0.0,0.0,519.267927352044,0.0,0.0,110.2341136046803,253.96823701514697,738.9398224030452,122.23614270211557,0.0,n/a,0.0,0.0,-2.5939595394365647,0.0,65.5,2.5,n/a,127.6870331498763,77.18109709222048,1461.5575226326139,11.715602919949248,39.245897080050725,0.0,0.0,0.0,-0.22906983643770218,0.6751074492931366,0.019588187336921692,0.3594695031642914,0.7573826014995575,0.5841574668884277,0.9663045406341553,0.8940127491950989,0.6349374999999999,n/a,n/a,n/a,n/a,n/a,n/a,-67.71277922058106,0.3948634399175644,-2487.0716689453125,1.425539507636131e-06,-4.0,n/a,n/a,n/a,n/a,n/a,n/a,n/a,n/a,n/a,n/a,n/a,n/a,n/a,132000,46.402462005615234,n/a,n/a,92.9750108718872,14.368522742688125,-38.140988195249975,4.447401605371305,180.0,12.0,-18.14999999999998,0.0,0.0,0.0,-16.500000000000007,0.0,0.0,0.0,0.0,0.0,28.15779958419271,0.0,0.0,-10.000000000000163,0.0,0.0
132,133000.0,66.0,nan,nan,nan,nan,nan,nan,nan,nan,nan,n/a,nan,nan,n/a,n/a,nan,nan,nan,nan,nan,nan,nan,nan,nan,nan,nan,nan,n/a,nan,nan,nan,nan,nan,nan,n/a,nan,nan,nan,nan,nan,nan,nan,nan,nan,nan,nan,nan,nan,nan,nan,nan,nan,n/a,n/a,n/a,n/a,n/a,n/a,-65.87215926361084,0.3934189373254776,-2498.7942861328124,1.4043793892142275e-06,-4.0,n/a,n/a,n/a,n/a,n/a,n/a,n/a,n/a,n/a,n/a,n/a,n/a,n/a,133000,46.56229019165039,n/a,n/a,64.34755492210388,nan,nan,nan,nan,nan,nan,nan,nan,nan,nan,nan,nan,nan,nan,nan,nan,nan,nan,nan,nan,nan
133,134000.0,66.0,nan,nan,nan,nan,nan,nan,nan,nan,nan,n/a,nan,nan,n/a,n/a,nan,nan,nan,nan,nan,nan,nan,nan,nan,nan,nan,nan,n/a,nan,nan,nan,nan,nan,nan,n/a,nan,nan,nan,nan,nan,nan,nan,nan,nan,nan,nan,nan,nan,nan,nan,nan,nan,n/a,n/a,n/a,n/a,n/a,n/a,-65.83897999572754,0.38872331398725507,-2514.8519379882814,1.3833892933234893e-06,-4.0,n/a,n/a,n/a,n/a,n/a,n/a,n/a,n/a,n/a,n/a,n/a,n/a,n/a,134000,46.72250747680664,n/a,n/a,72.11779499053955,nan,nan,nan,nan,nan,nan,nan,nan,nan,nan,nan,nan,nan,nan,nan,nan,nan,nan,nan,nan,nan
134,135000.0,66.0,nan,nan,nan,nan,nan,nan,nan,nan,nan,n/a,nan,nan,n/a,n/a,nan,nan,nan,nan,nan,nan,nan,nan,nan,nan,nan,nan,n/a,nan,nan,nan,nan,nan,nan,n/a,nan,nan,nan,nan,nan,nan,nan,nan,nan,nan,nan,nan,nan,nan,nan,nan,nan,n/a,n/a,n/a,n/a,n/a,n/a,-66.34551683044434,0.38592834955453875,-2509.2858603515624,1.3627656942389876e-06,-4.0,n/a,n/a,n/a,n/a,n/a,n/a,n/a,n/a,n/a,n/a,n/a,n/a,n/a,135000,46.88229751586914,n/a,n/a,80.10519742965698,nan,nan,nan,nan,nan,nan,nan,nan,nan,nan,nan,nan,nan,nan,nan,nan,nan,nan,nan,nan,nan
135,136000.0,68.0,2628.7346718300914,2000.0,0.0,0.0,1.0,0.0,24.0,1204.504574808228,299.5718560543832,n/a,9.279294277723723,0.0,n/a,n/a,0.0,0.0,0.0,0.0,544.0522421669549,0.0,0.0,124.76486140217543,332.8698457668496,972.6856068831269,111.90569446125386,0.0,n/a,0.0,0.0,40.819539306513306,0.0,0.0,3.0,n/a,135.9406035686476,70.9489021438595,1939.8067151967352,21.28838129527078,46.14080477003887,0.0,0.0,0.0,-0.15902428328990936,0.6969985663890839,-0.11084754765033722,0.5745124816894531,0.8179506361484528,0.660615861415863,0.91620272397995,0.7758060991764069,0.66625,n/a,n/a,n/a,n/a,n/a,n/a,-67.79315577697754,0.38719010072946547,-2499.154471191406,1.3425253271179827e-06,-4.0,n/a,n/a,n/a,n/a,n/a,n/a,n/a,n/a,n/a,n/a,n/a,n/a,n/a,136000,47.04208755493164,n/a,n/a,90.5918333530426,14.256269969315253,-27.001358552250025,114.44808847310584,334.75,12.0,-3.6300000000000003,0.0,0.0,0.0,-51.600000000000065,0.0,0.0,0.0,0.0,0.0,109.13458767531283,0.0,0.0,-10.000000000000163,0.0,0.0
136,137000.0,68.0,nan,nan,nan,nan,nan,nan,nan,nan,nan,n/a,nan,nan,n/a,n/a,nan,nan,nan,nan,nan,nan,nan,nan,nan,nan,nan,nan,n/a,nan,nan,nan,nan,nan,nan,n/a,nan,nan,nan,nan,nan,nan,nan,nan,nan,nan,nan,nan,nan,nan,nan,nan,nan,n/a,n/a,n/a,n/a,n/a,n/a,-66.68839939117431,0.38238863050937655,-2509.8123012695314,1.322652601857044e-06,-4.0,n/a,n/a,n/a,n/a,n/a,n/a,n/a,n/a,n/a,n/a,n/a,n/a,n/a,137000,47.20241928100586,n/a,n/a,66.82884812355042,nan,nan,nan,nan,nan,nan,nan,nan,nan,nan,nan,nan,nan,nan,nan,nan,nan,nan,nan,nan,nan
137,138000.0,68.0,nan,nan,nan,nan,nan,nan,nan,nan,nan,n/a,nan,nan,n/a,n/a,nan,nan,nan,nan,nan,nan,nan,nan,nan,nan,nan,nan,n/a,nan,nan,nan,nan,nan,nan,n/a,nan,nan,nan,nan,nan,nan,nan,nan,nan,nan,nan,nan,nan,nan,nan,nan,nan,n/a,n/a,n/a,n/a,n/a,n/a,-66.68566200256348,0.3801226022839546,-2511.4325063476563,1.302903788882759e-06,-4.0,n/a,n/a,n/a,n/a,n/a,n/a,n/a,n/a,n/a,n/a,n/a,n/a,n/a,138000,47.36220932006836,n/a,n/a,71.29356026649475,nan,nan,nan,nan,nan,nan,nan,nan,nan,nan,nan,nan,nan,nan,nan,nan,nan,nan,nan,nan,nan
138,139000.0,68.0,nan,nan,nan,nan,nan,nan,nan,nan,nan,n/a,nan,nan,n/a,n/a,nan,nan,nan,nan,nan,nan,nan,nan,nan,nan,nan,nan,n/a,nan,nan,nan,nan,nan,nan,n/a,nan,nan,nan,nan,nan,nan,nan,nan,nan,nan,nan,nan,nan,nan,nan,nan,nan,n/a,n/a,n/a,n/a,n/a,n/a,-67.62613037109375,0.37796334928274156,-2511.0734267578123,1.2835852471653197e-06,-4.0,n/a,n/a,n/a,n/a,n/a,n/a,n/a,n/a,n/a,n/a,n/a,n/a,n/a,139000,47.52238845825195,n/a,n/a,80.8184700012207,nan,nan,nan,nan,nan,nan,nan,nan,nan,nan,nan,nan,nan,nan,nan,nan,nan,nan,nan,nan,nan
139,140000.0,70.0,2348.5163876990796,2000.0,0.0,0.0,1.0,0.0,7.0,1538.1370150582075,194.59541487179007,n/a,0.6133271291919509,-3.7468846433333325,n/a,n/a,0.0,0.0,0.0,0.0,591.259487679927,0.0,0.0,96.88930658615789,173.48635550116788,1126.8703334554007,115.46149353914697,0.0,n/a,0.0,0.0,49.19551540663835,0.0,168.5,4.5,n/a,132.74730243460243,71.8602139217789,2058.9911072387367,11.864415903561738,47.44221611944967,0.0,0.0,0.0,-0.20770157873630524,0.50346340239048,0.20435073599219322,0.25850212946534157,0.7798657715320587,0.7364112734794617,0.9338030517101288,0.927370548248291,0.636,n/a,n/a,n/a,n/a,n/a,n/a,-67.43713495635987,0.37693611019849776,-2509.8873725585936,1.264500998559015e-06,-4.0,n/a,n/a,n/a,n/a,n/a,n/a,n/a,n/a,n/a,n/a,n/a,n/a,n/a,140000,47.682254791259766,n/a,n/a,92.03127336502075,14.671562644381737,-33.76509426434997,10.444628712976911,211.125,12.0,-14.18999999999999,0.0,0.0,0.0,-16.20000000000001,0.0,0.0,0.0,0.0,0.0,24.40135595174774,0.0,0.0,-10.000000000000163,0.0,0.0
140,141000.0,70.0,nan,nan,nan,nan,nan,nan,nan,nan,nan,n/a,nan,nan,n/a,n/a,nan,nan,nan,nan,nan,nan,nan,nan,nan,nan,nan,nan,n/a,nan,nan,nan,nan,nan,nan,n/a,nan,nan,nan,nan,nan,nan,nan,nan,nan,nan,nan,nan,nan,nan,nan,nan,nan,n/a,n/a,n/a,n/a,n/a,n/a,-66.87715637969971,0.37868832802772523,-2510.8367353515623,1.245811504759331e-06,-4.0,n/a,n/a,n/a,n/a,n/a,n/a,n/a,n/a,n/a,n/a,n/a,n/a,n/a,141000,47.84208297729492,n/a,n/a,65.6548523902893,nan,nan,nan,nan,nan,nan,nan,nan,nan,nan,nan,nan,nan,nan,nan,nan,nan,nan,nan,nan,nan
141,142000.0,70.0,nan,nan,nan,nan,nan,nan,nan,nan,nan,n/a,nan,nan,n/a,n/a,nan,nan,nan,nan,nan,nan,nan,nan,nan,nan,nan,nan,n/a,nan,nan,nan,nan,nan,nan,n/a,nan,nan,nan,nan,nan,nan,nan,nan,nan,nan,nan,nan,nan,nan,nan,nan,nan,n/a,n/a,n/a,n/a,n/a,n/a,-67.99839862060547,0.3814365682601929,-2493.0474174804685,1.2273332908989687e-06,-4.0,n/a,n/a,n/a,n/a,n/a,n/a,n/a,n/a,n/a,n/a,n/a,n/a,n/a,142000,48.00233840942383,n/a,n/a,72.16098022460938,nan,nan,nan,nan,nan,nan,nan,nan,nan,nan,nan,nan,nan,nan,nan,nan,nan,nan,nan,nan,nan
142,143000.0,70.0,nan,nan,nan,nan,nan,nan,nan,nan,nan,n/a,nan,nan,n/a,n/a,nan,nan,nan,nan,nan,nan,nan,nan,nan,nan,nan,nan,n/a,nan,nan,nan,nan,nan,nan,n/a,nan,nan,nan,nan,nan,nan,nan,nan,nan,nan,nan,nan,nan,nan,nan,nan,nan,n/a,n/a,n/a,n/a,n/a,n/a,-67.53976741027832,0.37638712900876997,-2490.7477163085937,1.2092634449345496e-06,-4.0,n/a,n/a,n/a,n/a,n/a,n/a,n/a,n/a,n/a,n/a,n/a,n/a,n/a,143000,48.16212844848633,n/a,n/a,80.78551936149597,nan,nan,nan,nan,nan,nan,nan,nan,nan,nan,nan,nan,nan,nan,nan,nan,nan,nan,nan,nan,nan
143,144000.0,72.0,2645.2740214552714,2000.0,0.0,0.0,1.0,0.0,12.5,1599.21017061594,359.984005483959,n/a,6.598917125424083,-1.6117740431333332,n/a,n/a,0.0,0.0,0.0,0.0,633.2581125935591,0.0,0.0,114.14669750651808,220.27334502867134,1277.1061380892538,120.65189781470745,0.0,n/a,0.0,0.0,30.978609304385678,0.0,116.5,5.0,n/a,136.7630977460089,75.50694159042055,2080.367882765814,4.441206120517922,34.63879387948208,0.0,0.0,0.0,-0.1536826565861702,0.5826501846313477,-0.06571972649544477,0.25920047238469124,0.7406535744667053,0.6210341155529022,0.9586829245090485,0.9146465957164764,0.5549999999999999,n/a,n/a,n/a,n/a,n/a,n/a,-68.38344520568847,0.3750036596655846,-2480.7808955078126,1.191433310168577e-06,-4.0,n/a,n/a,n/a,n/a,n/a,n/a,n/a,n/a,n/a,n/a,n/a,n/a,n/a,144000,48.32188034057617,n/a,n/a,94.62540483474731,15.071938617683905,-24.668874292650045,11.759927643364477,215.875,12.0,-3.8500000000000005,0.0,0.0,0.0,-3.599999999999999,0.0,0.0,0.0,0.0,0.0,31.284086067453487,0.0,0.0,-10.000000000000163,0.0,0.0
144,145000.0,72.0,nan,nan,nan,nan,nan,nan,nan,nan,nan,n/a,nan,nan,n/a,n/a,nan,nan,nan,nan,nan,nan,nan,nan,nan,nan,nan,nan,n/a,nan,nan,nan,nan,nan,nan,n/a,nan,nan,nan,nan,nan,nan,nan,nan,nan,nan,nan,nan,nan,nan,nan,nan,nan,n/a,n/a,n/a,n/a,n/a,n/a,-66.38124625396729,0.38071924167871474,-2505.028884765625,1.1737549768895405e-06,-4.0,n/a,n/a,n/a,n/a,n/a,n/a,n/a,n/a,n/a,n/a,n/a,n/a,n/a,145000,48.48221206665039,n/a,n/a,65.14829850196838,nan,nan,nan,nan,nan,nan,nan,nan,nan,nan,nan,nan,nan,nan,nan,nan,nan,nan,nan,nan,nan
145,146000.0,72.0,nan,nan,nan,nan,nan,nan,nan,nan,nan,n/a,nan,nan,n/a,n/a,nan,nan,nan,nan,nan,nan,nan,nan,nan,nan,nan,nan,n/a,nan,nan,nan,nan,nan,nan,n/a,nan,nan,nan,nan,nan,nan,nan,nan,nan,nan,nan,nan,nan,nan,nan,nan,nan,n/a,n/a,n/a,n/a,n/a,n/a,-64.67839053344727,0.38902333384752275,-2525.5343974609377,1.1562139902707714e-06,-4.0,n/a,n/a,n/a,n/a,n/a,n/a,n/a,n/a,n/a,n/a,n/a,n/a,n/a,146000,48.64200210571289,n/a,n/a,69.8142876625061,nan,nan,nan,nan,nan,nan,nan,nan,nan,nan,nan,nan,nan,nan,nan,nan,nan,nan,nan,nan,nan
146,147000.0,72.0,nan,nan,nan,nan,nan,nan,nan,nan,nan,n/a,nan,nan,n/a,n/a,nan,nan,nan,nan,nan,nan,nan,nan,nan,nan,nan,nan,n/a,nan,nan,nan,nan,nan,nan,n/a,nan,nan,nan,nan,nan,nan,nan,nan,nan,nan,nan,nan,nan,nan,nan,nan,nan,n/a,n/a,n/a,n/a,n/a,n/a,-64.60679959106446,0.38845880365371704,-2521.6519331054687,1.138904061008361e-06,-4.0,n/a,n/a,n/a,n/a,n/a,n/a,n/a,n/a,n/a,n/a,n/a,n/a,n/a,147000,48.8022575378418,n/a,n/a,80.08734488487244,nan,nan,nan,nan,nan,nan,nan,nan,nan,nan,nan,nan,nan,nan,nan,nan,nan,nan,nan,nan,nan
147,148000.0,74.0,1841.1022783327771,2000.0,0.0,0.0,1.0,0.0,82.0,1212.2427132009552,99.25337801216462,n/a,1.5246924447865773,-0.34638274453333295,n/a,n/a,0.0,0.0,0.0,0.0,458.5298829796894,0.0,0.0,105.97422785299993,310.8945991020822,562.0861629499001,110.43678864631438,0.0,n/a,0.0,0.0,-13.916814650935814,0.0,53.5,0.0,n/a,112.15882862150795,90.01595317754067,922.2988097535525,2.9107362612820706,55.57588103622422,0.0,0.0,0.0,-0.16928450763225555,0.7392881512641907,0.12542570754885674,0.3437093198299408,0.8360993564128876,0.5802266001701355,0.9353587329387665,0.9001837074756622,0.6825625,n/a,n/a,n/a,n/a,n/a,n/a,-65.17675199127197,0.38859884375333786,-2519.309362792969,1.1219537498163846e-06,-4.0,n/a,n/a,n/a,n/a,n/a,n/a,n/a,n/a,n/a,n/a,n/a,n/a,n/a,148000,48.962162017822266,n/a,n/a,91.22334098815918,14.19854195157031,-26.852868853500024,47.527458119576764,221.625,12.0,-17.70999999999998,0.0,0.0,0.0,-32.10000000000005,0.0,0.0,0.0,0.0,0.0,97.23099053481269,0.0,0.0,-10.000000000000163,0.0,0.0
148,149000.0,74.0,nan,nan,nan,nan,nan,nan,nan,nan,nan,n/a,nan,nan,n/a,n/a,nan,nan,nan,nan,nan,nan,nan,nan,nan,nan,nan,nan,n/a,nan,nan,nan,nan,nan,nan,n/a,nan,nan,nan,nan,nan,nan,nan,nan,nan,nan,nan,nan,nan,nan,nan,nan,nan,n/a,n/a,n/a,n/a,n/a,n/a,-63.6210156173706,0.3881719197034836,-2531.1838466796876,1.105300440940482e-06,-4.0,n/a,n/a,n/a,n/a,n/a,n/a,n/a,n/a,n/a,n/a,n/a,n/a,n/a,149000,49.12202835083008,n/a,n/a,66.54755115509033,nan,nan,nan,nan,nan,nan,nan,nan,nan,nan,nan,nan,nan,nan,nan,nan,nan,nan,nan,nan,nan
149,150000.0,74.0,nan,nan,nan,nan,nan,nan,nan,nan,nan,n/a,nan,nan,n/a,n/a,nan,nan,nan,nan,nan,nan,nan,nan,nan,nan,nan,nan,n/a,nan,nan,nan,nan,nan,nan,n/a,nan,nan,nan,nan,nan,nan,nan,nan,nan,nan,nan,nan,nan,nan,nan,nan,nan,n/a,n/a,n/a,n/a,n/a,n/a,-63.429751899719236,0.3883975610136986,-2536.4838608398436,1.088804362780138e-06,-4.0,n/a,n/a,n/a,n/a,n/a,n/a,n/a,n/a,n/a,n/a,n/a,n/a,n/a,150000,49.28213119506836,n/a,n/a,73.30419397354126,nan,nan,nan,nan,nan,nan,nan,nan,nan,nan,nan,nan,nan,nan,nan,nan,nan,nan,nan,nan,nan
150,151000.0,74.0,nan,nan,nan,nan,nan,nan,nan,nan,nan,n/a,nan,nan,n/a,n/a,nan,nan,nan,nan,nan,nan,nan,nan,nan,nan,nan,nan,n/a,nan,nan,nan,nan,nan,nan,n/a,nan,nan,nan,nan,nan,nan,nan,nan,nan,nan,nan,nan,nan,nan,nan,nan,nan,n/a,n/a,n/a,n/a,n/a,n/a,-64.37337218475342,0.38570148891210554,-2514.7271728515625,1.0726600257839892e-06,-4.0,n/a,n/a,n/a,n/a,n/a,n/a,n/a,n/a,n/a,n/a,n/a,n/a,n/a,151000,49.44192123413086,n/a,n/a,80.06933784484863,nan,nan,nan,nan,nan,nan,nan,nan,nan,nan,nan,nan,nan,nan,nan,nan,nan,nan,nan,nan,nan
151,152000.0,76.0,1851.093644537228,2000.0,0.0,0.0,1.0,0.0,1.5,1559.903195102068,138.80218620200708,n/a,0.1843162972648354,0.0,n/a,n/a,0.0,0.0,0.0,0.0,525.7188294656012,0.0,0.0,65.38840960940662,114.31515572855182,892.1638048100051,88.43161530447124,0.0,n/a,0.0,0.0,42.3027010009095,0.0,0.0,5.0,n/a,140.51524681457062,76.02921031540686,2380.8564331516222,18.78738882544537,67.67786811507226,0.0,0.0,0.0,-0.2751166969537735,0.5984963178634644,0.07828648388385773,0.16456302627921104,0.7488696873188019,0.659618079662323,0.9457285106182098,0.9541114866733551,0.6715,n/a,n/a,n/a,n/a,n/a,n/a,-64.11797815704345,0.3836640241742134,-2517.4985498046876,1.0568351890469784e-06,-4.0,n/a,n/a,n/a,n/a,n/a,n/a,n/a,n/a,n/a,n/a,n/a,n/a,n/a,152000,49.60171127319336,n/a,n/a,92.03303217887878,12.840061805677575,-28.978573669949995,4.209202100020255,158.125,12.0,-13.860000000000014,0.0,0.0,0.0,-21.00000000000002,0.0,0.0,0.0,0.0,0.0,9.253122085258472,0.0,0.0,-10.000000000000163,0.0,0.0
152,153000.0,76.0,nan,nan,nan,nan,nan,nan,nan,nan,nan,n/a,nan,nan,n/a,n/a,nan,nan,nan,nan,nan,nan,nan,nan,nan,nan,nan,nan,n/a,nan,nan,nan,nan,nan,nan,n/a,nan,nan,nan,nan,nan,nan,nan,nan,nan,nan,nan,nan,nan,nan,nan,nan,nan,n/a,n/a,n/a,n/a,n/a,n/a,-63.454834449768065,0.38285273468494413,-2522.0693935546874,1.0411937807930371e-06,-4.0,n/a,n/a,n/a,n/a,n/a,n/a,n/a,n/a,n/a,n/a,n/a,n/a,n/a,153000,49.76204299926758,n/a,n/a,63.19296073913574,nan,nan,nan,nan,nan,nan,nan,nan,nan,nan,nan,nan,nan,nan,nan,nan,nan,nan,nan,nan,nan
153,154000.0,76.0,nan,nan,nan,nan,nan,nan,nan,nan,nan,n/a,nan,nan,n/a,n/a,nan,nan,nan,nan,nan,nan,nan,nan,nan,nan,nan,nan,n/a,nan,nan,nan,nan,nan,nan,n/a,nan,nan,nan,nan,nan,nan,nan,nan,nan,nan,nan,nan,nan,nan,nan,nan,nan,n/a,n/a,n/a,n/a,n/a,n/a,-62.81306953430176,0.38252796709537507,-2519.1754736328126,1.0257326202918193e-06,-4.0,n/a,n/a,n/a,n/a,n/a,n/a,n/a,n/a,n/a,n/a,n/a,n/a,n/a,154000,49.92183303833008,n/a,n/a,71.02482986450195,nan,nan,nan,nan,nan,nan,nan,nan,nan,nan,nan,nan,nan,nan,nan,nan,nan,nan,nan,nan,nan
154,155000.0,76.0,nan,nan,nan,nan,nan,nan,nan,nan,nan,n/a,nan,nan,n/a,n/a,nan,nan,nan,nan,nan,nan,nan,nan,nan,nan,nan,nan,n/a,nan,nan,nan,nan,nan,nan,n/a,nan,nan,nan,nan,nan,nan,nan,nan,nan,nan,nan,nan,nan,nan,nan,nan,nan,n/a,n/a,n/a,n/a,n/a,n/a,-62.43576472473144,0.38353263998031617,-2531.0710107421874,1.010511982258322e-06,-4.0,n/a,n/a,n/a,n/a,n/a,n/a,n/a,n/a,n/a,n/a,n/a,n/a,n/a,155000,50.08205032348633,n/a,n/a,78.84866309165955,nan,nan,nan,nan,nan,nan,nan,nan,nan,nan,nan,nan,nan,nan,nan,nan,nan,nan,nan,nan,nan
155,156000.0,78.0,2027.846451035848,2000.0,0.0,0.0,1.0,0.0,4.5,1472.1270138787934,144.16470799381494,n/a,0.369749043069272,-0.14286644739999985,n/a,n/a,0.0,0.0,0.0,0.0,532.4876338784206,0.0,0.0,84.71920182271126,157.76365164577626,947.1351150598621,85.83577991544261,0.0,n/a,0.0,0.0,30.473145302360884,0.0,29.5,3.5,n/a,136.7702761197441,70.58552810852754,1949.8385358108476,35.509338783409966,61.742161216590034,0.0,0.0,0.0,-0.16194958984851837,0.7344655394554138,-0.15479833632707596,0.3912917673587799,0.7770746350288391,0.557828426361084,0.961740106344223,0.8952331840991974,0.6763125,n/a,n/a,n/a,n/a,n/a,n/a,-63.038420005798336,0.38208921629190445,-2519.979118652344,9.955298505701649e-07,-4.0,n/a,n/a,n/a,n/a,n/a,n/a,n/a,n/a,n/a,n/a,n/a,n/a,n/a,156000,50.24191665649414,n/a,n/a,90.75242185592651,12.256101940400557,-28.56987721229995,3.37449783725483,233.625,12.0,-18.47999999999997,0.0,0.0,0.0,-22.200000000000024,0.0,0.0,0.0,0.0,0.0,7.199318250236302,0.0,0.0,-10.000000000000163,0.0,0.0
156,157000.0,78.0,nan,nan,nan,nan,nan,nan,nan,nan,nan,n/a,nan,nan,n/a,n/a,nan,nan,nan,nan,nan,nan,nan,nan,nan,nan,nan,nan,n/a,nan,nan,nan,nan,nan,nan,n/a,nan,nan,nan,nan,nan,nan,nan,nan,nan,nan,nan,nan,nan,nan,nan,nan,nan,n/a,n/a,n/a,n/a,n/a,n/a,-61.788528747558594,0.37974076998233797,-2531.7309580078127,9.807773192278546e-07,-4.0,n/a,n/a,n/a,n/a,n/a,n/a,n/a,n/a,n/a,n/a,n/a,n/a,n/a,157000,50.4017448425293,n/a,n/a,64.97172045707703,nan,nan,nan,nan,nan,nan,nan,nan,nan,nan,nan,nan,nan,nan,nan,nan,nan,nan,nan,nan,nan
157,158000.0,78.0,nan,nan,nan,nan,nan,nan,nan,nan,nan,n/a,nan,nan,n/a,n/a,nan,nan,nan,nan,nan,nan,nan,nan,nan,nan,nan,nan,n/a,nan,nan,nan,nan,nan,nan,n/a,nan,nan,nan,nan,nan,nan,nan,nan,nan,nan,nan,nan,nan,nan,nan,nan,nan,n/a,n/a,n/a,n/a,n/a,n/a,-61.41969444274903,0.383070392370224,-2530.7527138671876,9.662112925070687e-07,-4.0,n/a,n/a,n/a,n/a,n/a,n/a,n/a,n/a,n/a,n/a,n/a,n/a,n/a,158000,50.5620002746582,n/a,n/a,71.8151626586914,nan,nan,nan,nan,nan,nan,nan,nan,nan,nan,nan,nan,nan,nan,nan,nan,nan,nan,nan,nan,nan
158,159000.0,78.0,nan,nan,nan,nan,nan,nan,nan,nan,nan,n/a,nan,nan,n/a,n/a,nan,nan,nan,nan,nan,nan,nan,nan,nan,nan,nan,nan,n/a,nan,nan,nan,nan,nan,nan,n/a,nan,nan,nan,nan,nan,nan,nan,nan,nan,nan,nan,nan,nan,nan,nan,nan,nan,n/a,n/a,n/a,n/a,n/a,n/a,-61.75370701599121,0.3836961559057236,-2534.022370605469,9.518501369711885e-07,-4.0,n/a,n/a,n/a,n/a,n/a,n/a,n/a,n/a,n/a,n/a,n/a,n/a,n/a,159000,50.7217903137207,n/a,n/a,80.23147988319397,nan,nan,nan,nan,nan,nan,nan,nan,nan,nan,nan,nan,nan,nan,nan,nan,nan,nan,nan,nan,nan
159,160000.0,80.0,2205.2666926171755,2000.0,0.0,0.0,1.0,0.0,23.0,1243.0516165175582,201.2005315602859,n/a,9.130880374892548,-3.4198105401999985,n/a,n/a,0.0,0.0,0.0,0.0,533.883323540264,0.0,0.0,86.64695806570636,189.01250374412604,970.4994868273135,108.12718680278653,0.0,n/a,0.0,0.0,23.330835051975964,0.0,133.0,1.5,n/a,119.31735965921189,87.95078313498308,1271.0061485290728,18.896999252190128,49.093361845938915,0.0,0.0,0.0,-0.23893968015909195,0.7331430912017822,-0.22468098253011703,0.44181935489177704,0.7560312449932098,0.6108306348323822,0.9350335597991943,0.8642350733280182,0.6713125,n/a,n/a,n/a,n/a,n/a,n/a,-62.16221447753906,0.3812978181242943,-2525.723046875,9.377427080607959e-07,-4.0,n/a,n/a,n/a,n/a,n/a,n/a,n/a,n/a,n/a,n/a,n/a,n/a,n/a,160000,50.88150405883789,n/a,n/a,93.23688650131226,13.036419472304301,-55.30828449839995,38.93801036392502,264.25,12.0,-17.050000000000004,0.0,0.0,0.0,-17.40000000000002,0.0,0.0,0.0,0.0,0.0,59.58918341246608,0.0,0.0,-10.000000000000163,0.0,0.0
160,161000.0,80.0,nan,nan,nan,nan,nan,nan,nan,nan,nan,n/a,nan,nan,n/a,n/a,nan,nan,nan,nan,nan,nan,nan,nan,nan,nan,nan,nan,n/a,nan,nan,nan,nan,nan,nan,n/a,nan,nan,nan,nan,nan,nan,nan,nan,nan,nan,nan,nan,nan,nan,nan,nan,nan,n/a,n/a,n/a,n/a,n/a,n/a,-61.56444905090332,0.3794290278553963,-2525.6521474609376,9.239059143055784e-07,-4.0,n/a,n/a,n/a,n/a,n/a,n/a,n/a,n/a,n/a,n/a,n/a,n/a,n/a,161000,51.04183578491211,n/a,n/a,64.8771698474884,nan,nan,nan,nan,nan,nan,nan,nan,nan,nan,nan,nan,nan,nan,nan,nan,nan,nan,nan,nan,nan
161,162000.0,80.0,nan,nan,nan,nan,nan,nan,nan,nan,nan,n/a,nan,nan,n/a,n/a,nan,nan,nan,nan,nan,nan,nan,nan,nan,nan,nan,nan,n/a,nan,nan,nan,nan,nan,nan,n/a,nan,nan,nan,nan,nan,nan,nan,nan,nan,nan,nan,nan,nan,nan,nan,nan,nan,n/a,n/a,n/a,n/a,n/a,n/a,-61.934739402770994,0.3787239807844162,-2520.3402338867186,9.102335718580434e-07,-4.0,n/a,n/a,n/a,n/a,n/a,n/a,n/a,n/a,n/a,n/a,n/a,n/a,n/a,162000,51.20162582397461,n/a,n/a,71.01227378845215,nan,nan,nan,nan,nan,nan,nan,nan,nan,nan,nan,nan,nan,nan,nan,nan,nan,nan,nan,nan,nan
162,163000.0,80.0,nan,nan,nan,nan,nan,nan,nan,nan,nan,n/a,nan,nan,n/a,n/a,nan,nan,nan,nan,nan,nan,nan,nan,nan,nan,nan,nan,n/a,nan,nan,nan,nan,nan,nan,n/a,nan,nan,nan,nan,nan,nan,nan,nan,nan,nan,nan,nan,nan,nan,nan,nan,nan,n/a,n/a,n/a,n/a,n/a,n/a,-62.22778622436523,0.37666202801465987,-2519.034389160156,8.967690152985597e-07,-4.0,n/a,n/a,n/a,n/a,n/a,n/a,n/a,n/a,n/a,n/a,n/a,n/a,n/a,163000,51.361881256103516,n/a,n/a,80.46312880516052,nan,nan,nan,nan,nan,nan,nan,nan,nan,nan,nan,nan,nan,nan,nan,nan,nan,nan,nan,nan,nan
163,164000.0,82.0,2283.5635606770643,2000.0,0.0,0.0,1.0,0.0,2.5,1495.627465882347,196.33244784336227,n/a,0.3440080288690327,-4.977983962933328,n/a,n/a,0.0,0.0,0.0,0.0,580.5406268492045,0.0,0.0,73.10026550680621,129.07425325443566,1192.840341240044,104.3601840773498,0.0,n/a,0.0,0.0,0.5644842192158848,0.0,334.0,2.0,n/a,119.9984617027267,88.75270956100736,1357.5189325564709,21.32213249221705,36.618205494667805,0.0,0.0,0.0,-0.16659687086939812,0.6563584208488464,-0.32531866431236267,0.5431689471006393,0.8039389550685883,0.6542721688747406,0.922383576631546,0.7669951915740967,0.694125,n/a,n/a,n/a,n/a,n/a,n/a,-62.02650167846679,0.37939901745319365,-2517.3286733398436,8.835219970251274e-07,-4.0,n/a,n/a,n/a,n/a,n/a,n/a,n/a,n/a,n/a,n/a,n/a,n/a,n/a,164000,51.52182388305664,n/a,n/a,92.99850583076477,11.529659056220272,-62.24294698784985,7.966995872020567,247.375,12.0,-8.140000000000002,0.0,0.0,0.0,-3.599999999999999,0.0,0.0,0.0,0.0,0.0,12.828673523650348,0.0,0.0,-10.000000000000163,0.0,0.0
164,165000.0,82.0,nan,nan,nan,nan,nan,nan,nan,nan,nan,n/a,nan,nan,n/a,n/a,nan,nan,nan,nan,nan,nan,nan,nan,nan,nan,nan,nan,n/a,nan,nan,nan,nan,nan,nan,n/a,nan,nan,nan,nan,nan,nan,nan,nan,nan,nan,nan,nan,nan,nan,nan,nan,nan,n/a,n/a,n/a,n/a,n/a,n/a,-61.32990565490723,0.3778157098889351,-2523.82654296875,8.704531724106346e-07,-4.0,n/a,n/a,n/a,n/a,n/a,n/a,n/a,n/a,n/a,n/a,n/a,n/a,n/a,165000,51.6816520690918,n/a,n/a,65.5776093006134,nan,nan,nan,nan,nan,nan,nan,nan,nan,nan,nan,nan,nan,nan,nan,nan,nan,nan,nan,nan,nan
165,166000.0,82.0,nan,nan,nan,nan,nan,nan,nan,nan,nan,n/a,nan,nan,n/a,n/a,nan,nan,nan,nan,nan,nan,nan,nan,nan,nan,nan,nan,n/a,nan,nan,nan,nan,nan,nan,n/a,nan,nan,nan,nan,nan,nan,nan,nan,nan,nan,nan,nan,nan,nan,nan,nan,nan,n/a,n/a,n/a,n/a,n/a,n/a,-60.91694360351563,0.3842847599387169,-2531.4752900390627,8.574897949529259e-07,-4.0,n/a,n/a,n/a,n/a,n/a,n/a,n/a,n/a,n/a,n/a,n/a,n/a,n/a,166000,51.84186935424805,n/a,n/a,72.9426953792572,nan,nan,nan,nan,nan,nan,nan,nan,nan,nan,nan,nan,nan,nan,nan,nan,nan,nan,nan,nan,nan
166,167000.0,82.0,nan,nan,nan,nan,nan,nan,nan,nan,nan,n/a,nan,nan,n/a,n/a,nan,nan,nan,nan,nan,nan,nan,nan,nan,nan,nan,nan,n/a,nan,nan,nan,nan,nan,nan,n/a,nan,nan,nan,nan,nan,nan,nan,nan,nan,nan,nan,nan,nan,nan,nan,nan,nan,n/a,n/a,n/a,n/a,n/a,n/a,-61.40646812438965,0.38156373381614683,-2523.9826723632814,8.447405505194184e-07,-4.0,n/a,n/a,n/a,n/a,n/a,n/a,n/a,n/a,n/a,n/a,n/a,n/a,n/a,167000,52.00165939331055,n/a,n/a,80.26680898666382,nan,nan,nan,nan,nan,nan,nan,nan,nan,nan,nan,nan,nan,nan,nan,nan,nan,nan,nan,nan,nan
167,168000.0,84.0,2034.1992437324698,2000.0,0.0,0.0,1.0,0.0,4.0,1270.0675560386449,148.90907645528384,n/a,0.3017500662331499,-0.49691067939999983,n/a,n/a,0.0,0.0,0.0,0.0,522.6833847948329,0.0,0.0,80.87775147384555,123.91863514043929,957.2508782558267,118.69651701115149,0.0,n/a,0.0,0.0,53.98079628873419,0.0,51.0,3.5,n/a,128.03196760835314,75.7884268769364,2141.650299888419,6.636683511785206,20.31681648821482,0.0,0.0,0.0,-0.23318218439817429,0.703330397605896,0.01757971942424774,0.32876618206501007,0.7791629433631897,0.6224794983863831,0.9199593365192413,0.9093699157238007,0.664875,n/a,n/a,n/a,n/a,n/a,n/a,-61.57355815887451,0.38660112261772156,-2511.155189941406,8.322890397494121e-07,-4.0,n/a,n/a,n/a,n/a,n/a,n/a,n/a,n/a,n/a,n/a,n/a,n/a,n/a,168000,52.16144943237305,n/a,n/a,93.80900263786316,13.540319151993247,-57.0178108234501,1.110127642920759,263.625,12.0,-21.009999999999994,0.0,0.0,0.0,-32.10000000000004,0.0,0.0,0.0,0.0,0.0,6.838805409326674,0.0,0.0,-10.000000000000163,0.0,0.0
168,169000.0,84.0,nan,nan,nan,nan,nan,nan,nan,nan,nan,n/a,nan,nan,n/a,n/a,nan,nan,nan,nan,nan,nan,nan,nan,nan,nan,nan,nan,n/a,nan,nan,nan,nan,nan,nan,n/a,nan,nan,nan,nan,nan,nan,nan,nan,nan,nan,nan,nan,nan,nan,nan,nan,nan,n/a,n/a,n/a,n/a,n/a,n/a,-60.80598641204834,0.38745885556936266,-2522.4318178710937,8.199792647474169e-07,-4.0,n/a,n/a,n/a,n/a,n/a,n/a,n/a,n/a,n/a,n/a,n/a,n/a,n/a,169000,52.321781158447266,n/a,n/a,67.15672016143799,nan,nan,nan,nan,nan,nan,nan,nan,nan,nan,nan,nan,nan,nan,nan,nan,nan,nan,nan,nan,nan
169,170000.0,84.0,nan,nan,nan,nan,nan,nan,nan,nan,nan,n/a,nan,nan,n/a,n/a,nan,nan,nan,nan,nan,nan,nan,nan,nan,nan,nan,nan,n/a,nan,nan,nan,nan,nan,nan,n/a,nan,nan,nan,nan,nan,nan,nan,nan,nan,nan,nan,nan,nan,nan,nan,nan,nan,n/a,n/a,n/a,n/a,n/a,n/a,-60.98722024536133,0.3870996547937393,-2516.0152827148436,8.078110884071066e-07,-4.0,n/a,n/a,n/a,n/a,n/a,n/a,n/a,n/a,n/a,n/a,n/a,n/a,n/a,170000,52.481571197509766,n/a,n/a,73.35986089706421,nan,nan,nan,nan,nan,nan,nan,nan,nan,nan,nan,nan,nan,nan,nan,nan,nan,nan,nan,nan,nan
170,171000.0,84.0,nan,nan,nan,nan,nan,nan,nan,nan,nan,n/a,nan,nan,n/a,n/a,nan,nan,nan,nan,nan,nan,nan,nan,nan,nan,nan,nan,n/a,nan,nan,nan,nan,nan,nan,n/a,nan,nan,nan,nan,nan,nan,nan,nan,nan,nan,nan,nan,nan,nan,nan,nan,nan,n/a,n/a,n/a,n/a,n/a,n/a,-60.41771781921387,0.3996143248081207,-2531.645545410156,7.958007022352831e-07,-4.0,n/a,n/a,n/a,n/a,n/a,n/a,n/a,n/a,n/a,n/a,n/a,n/a,n/a,171000,52.64167404174805,n/a,n/a,81.70304155349731,nan,nan,nan,nan,nan,nan,nan,nan,nan,nan,nan,nan,nan,nan,nan,nan,nan,nan,nan,nan,nan
171,172000.0,86.0,1919.851229760708,2000.0,0.0,0.0,1.0,0.0,15.0,1343.0049614110005,170.53643322906197,n/a,1.3630415964203655,-6.040095735199997,n/a,n/a,0.0,0.0,0.0,0.0,518.5715300307339,0.0,0.0,62.67035655651066,96.20952487962481,940.3805349223027,100.26152921449493,0.0,n/a,0.0,0.0,40.84934359024467,0.0,312.0,5.0,n/a,124.48314635194788,80.81844675119751,2244.905348788713,26.141291115457726,54.94620888454229,0.0,0.0,0.0,-0.12528560683131218,0.6584466993808746,0.0768851675093174,0.46990595757961273,0.8484813272953033,0.6840549409389496,0.9721696376800537,0.8359675407409668,0.732625,n/a,n/a,n/a,n/a,n/a,n/a,-59.912599128723144,0.4115910604596138,-2532.2360903320314,7.839536726805818e-07,-4.0,n/a,n/a,n/a,n/a,n/a,n/a,n/a,n/a,n/a,n/a,n/a,n/a,n/a,172000,52.80142593383789,n/a,n/a,92.4290280342102,12.503863235204596,-66.95213232390002,10.813948017744249,223.75,12.0,-34.42999999999993,0.0,0.0,0.0,-7.799999999999999,0.0,0.0,0.0,0.0,0.0,25.699785776514002,0.0,0.0,-10.000000000000163,0.0,0.0
172,173000.0,86.0,nan,nan,nan,nan,nan,nan,nan,nan,nan,n/a,nan,nan,n/a,n/a,nan,nan,nan,nan,nan,nan,nan,nan,nan,nan,nan,nan,n/a,nan,nan,nan,nan,nan,nan,n/a,nan,nan,nan,nan,nan,nan,nan,nan,nan,nan,nan,nan,nan,nan,nan,nan,nan,n/a,n/a,n/a,n/a,n/a,n/a,-58.71757817840576,0.407245877623558,-2557.5255126953125,7.722681264112907e-07,-4.0,n/a,n/a,n/a,n/a,n/a,n/a,n/a,n/a,n/a,n/a,n/a,n/a,n/a,173000,52.961368560791016,n/a,n/a,65.8780152797699,nan,nan,nan,nan,nan,nan,nan,nan,nan,nan,nan,nan,nan,nan,nan,nan,nan,nan,nan,nan,nan
173,174000.0,86.0,nan,nan,nan,nan,nan,nan,nan,nan,nan,n/a,nan,nan,n/a,n/a,nan,nan,nan,nan,nan,nan,nan,nan,nan,nan,nan,nan,n/a,nan,nan,nan,nan,nan,nan,n/a,nan,nan,nan,nan,nan,nan,nan,nan,nan,nan,nan,nan,nan,nan,nan,nan,nan,n/a,n/a,n/a,n/a,n/a,n/a,-59.5799061050415,0.4025390461683273,-2552.1053203125,7.606949050114053e-07,-4.0,n/a,n/a,n/a,n/a,n/a,n/a,n/a,n/a,n/a,n/a,n/a,n/a,n/a,174000,53.121585845947266,n/a,n/a,71.42031073570251,nan,nan,nan,nan,nan,nan,nan,nan,nan,nan,nan,nan,nan,nan,nan,nan,nan,nan,nan,nan,nan
174,175000.0,86.0,nan,nan,nan,nan,nan,nan,nan,nan,nan,n/a,nan,nan,n/a,n/a,nan,nan,nan,nan,nan,nan,nan,nan,nan,nan,nan,nan,n/a,nan,nan,nan,nan,nan,nan,n/a,nan,nan,nan,nan,nan,nan,nan,nan,nan,nan,nan,nan,nan,nan,nan,nan,nan,n/a,n/a,n/a,n/a,n/a,n/a,-59.10114903259277,0.4027695485949516,-2576.9078017578126,7.493272028114007e-07,-4.0,n/a,n/a,n/a,n/a,n/a,n/a,n/a,n/a,n/a,n/a,n/a,n/a,n/a,175000,58.28142166137695,n/a,n/a,80.24986839294434,nan,nan,nan,nan,nan,nan,nan,nan,nan,nan,nan,nan,nan,nan,nan,nan,nan,nan,nan,nan,nan
175,176000.0,88.0,2394.8057796970907,2000.0,0.0,0.0,1.0,0.0,11.5,967.1203531641296,112.32602568773441,n/a,6.131133578918632,0.0,n/a,n/a,0.0,0.0,0.0,0.0,544.8691077190368,0.0,0.0,96.46269430025328,146.64638241074528,1044.455496371543,82.53238195674449,0.0,n/a,0.0,0.0,74.91588594020976,0.0,0.0,6.5,n/a,138.3627228341237,82.66315553385309,2732.3113085822088,43.862772881704984,13.324202481223821,0.0,0.0,0.0,-0.26763132214546204,0.8187912702560425,-0.28867605328559875,0.5562540292739868,0.7723711431026459,0.507513090968132,0.9167543947696686,0.8163406252861023,0.731,n/a,n/a,n/a,n/a,n/a,n/a,-59.49189781188965,0.4036328971982002,-2578.3698598632814,7.381128489214462e-07,-4.0,n/a,n/a,n/a,n/a,n/a,n/a,n/a,n/a,n/a,n/a,n/a,n/a,n/a,176000,58.441097259521484,n/a,n/a,92.86282300949097,7.239030406276614,-36.323909341199965,45.627709285727896,349.625,12.0,-15.839999999999993,0.0,0.0,0.0,-4.799999999999999,0.0,0.0,0.0,0.0,0.0,51.26486706881526,0.0,0.0,-10.000000000000163,0.0,0.0
176,177000.0,88.0,nan,nan,nan,nan,nan,nan,nan,nan,nan,n/a,nan,nan,n/a,n/a,nan,nan,nan,nan,nan,nan,nan,nan,nan,nan,nan,nan,n/a,nan,nan,nan,nan,nan,nan,n/a,nan,nan,nan,nan,nan,nan,nan,nan,nan,nan,nan,nan,nan,nan,nan,nan,nan,n/a,n/a,n/a,n/a,n/a,n/a,-58.448772277832035,0.4024176403880119,-2591.109648925781,7.270297221566579e-07,-4.0,n/a,n/a,n/a,n/a,n/a,n/a,n/a,n/a,n/a,n/a,n/a,n/a,n/a,177000,58.601505279541016,n/a,n/a,65.60936284065247,nan,nan,nan,nan,nan,nan,nan,nan,nan,nan,nan,nan,nan,nan,nan,nan,nan,nan,nan,nan,nan
177,178000.0,88.0,nan,nan,nan,nan,nan,nan,nan,nan,nan,n/a,nan,nan,n/a,n/a,nan,nan,nan,nan,nan,nan,nan,nan,nan,nan,nan,nan,n/a,nan,nan,nan,nan,nan,nan,n/a,nan,nan,nan,nan,nan,nan,nan,nan,nan,nan,nan,nan,nan,nan,nan,nan,nan,n/a,n/a,n/a,n/a,n/a,n/a,-57.37199111938477,0.39958659654855727,-2592.872646972656,7.1619643131271e-07,-4.0,n/a,n/a,n/a,n/a,n/a,n/a,n/a,n/a,n/a,n/a,n/a,n/a,n/a,178000,58.76125717163086,n/a,n/a,71.37395071983337,nan,nan,nan,nan,nan,nan,nan,nan,nan,nan,nan,nan,nan,nan,nan,nan,nan,nan,nan,nan,nan
